approve	line	number	col	attached_to	context
Y	71	3	2	2,	2,3 དེའི་དབུས་གཞིའི་རྩ་ཆེན་ཨ་ཝ་ཏི་སྐྱའོ། དེའི་གཡས་སུ་རོ་མ་དཀར་དང་། གཡོན་དུ་རྐྱང་མ་དམར་གཉིས་ལྟེ་འོག་ནས། སྤྱི་གཙུག་བར་དབུ་མ་ལ་ཕན་ཚུན་ལུ་གུ་རྒྱུད་དུ་འཁྲིལ་ནས་མདུད་པ་ཉི་ཤུ་རྩ་གཅིག་བྱས་ནས་གནས་པ་དེའོ། ཕྱག་འཚལ་སྒྲོལ་མ་མྱུར་མ་དཔའ་མོ། སྤྱན་ནི་སྐད་ཅིག་གློག་དང་འདྲ་མ་ནི། རྡོ་རྗེ་ལུས་ཀྱི་གཞིའི་གནས་ལུགས་དེ་ལ་དད་པ་མོས་གུས་གཞི་བཏིང་།  ^0-20
Y	107	6	2	5,	5,6 བཞི་པ་མཐར་ཐུག་རྫོགས་རིམ་མཚན་མེད་ལྟར་ན། ངེས་དོན་རིག་སྟོང་བྱང་ཆུབ་སེམས་རང་བྱུང་གི་ཡེ་ཤེས་གཞི་གྲོལ་འཕོ་འགྱུར་དང་བྲལ་བ་ཁྱབ་གདལ་ཀུན་ཏུ་བཟང་མོ་ཀ་དག་ནང་དབྱིངས་ཟང་ཀ་མའི་དོན་གྱི་འོད་གསལ་མངོན་སུམ་རྟོགས་པ་ནི། རྡོ་རྗེ་ཕག་མོ་དཀར་མོའི་རང་ཞལ་སྟོན་ཟླ་བརྩེགས་པ་ལྟ་བུ་ཡིན། དེ་ཉིད་ལྟེམས་བརྐྱངས་མེད་པའི་མོས་གུས་དག་སྣང་ལ་བརྟེན་ནས། ཟག་མེད་བརྒྱུད་གསུམ་རིག་འཛིན་བླ་མའི་བྱིན་བརླབས་ཀྱིས་སྒོ་ཆེན་ཕྱེས་ཏེ་རྩོལ་བྱུང་ལ་མ་ལྟོས་པའི་ཤེས་རབ་དྲི་མ་མེད་པ་སྐར་མ་སྟོང་ཕྲག་འཚོགས་པ་ལྟ་བུའི་སོ་སོ་ཡང་དག་རིག་བཞི་དང་སྤོབས་པའི་གཏེར་ཆེན་བརྒྱད་ལ་མངའ་དབང་བསྒྱུར་བའོ། ཞེས་སོ།  ^0-32
Y	129	8	2	7,	7,8 གསུམ་པ་སྦས་དོན་རྫོགས་རིམ་མཚན་བཅས་ནི། ཆུ་སྐྱེས་གསང་བའི་པདྨ་དང་། ཕྱག་སྒྲ་ནི་རྡོ་རྗེ་སྟེ་མཉམ་པར་སྦྱར་བ་ལས་འཕོ་བ་མེད་པའི་ཚུལ་ཁྲིམས་དཀའ་ཐུབ་དང་། བདེ་བའི་ངོ་བོ་བསམ་གཏན་དང་། བདེ་གསལ་སྟོང་ཉིད་རྣམ་པར་མི་རྟོག་པའི་ཤེས་རབ་དང་། བདེ་སྟོང་དེ་ལས་མི་འདའ་་བའི་བའི་བརྩོན་གྲུས་དང་། བདེ་སྡུག་ཐམས་ཅད་སྙོམས་པའི་བཟོད་པ་དང་།  ^0-39
Y	131	8	2	7,	7,8 བདེ་བ་ལ་བདག་འཛིན་བྲལ་བའི་སྦྱིན་པ་སྟེ་ཕ་རོལ་ཕྱིན་པ་དྲུག་པོ་ཚང་བའི་རྒྱལ་སྲས་བྱང་ཆུབ་སེམས་དཔའི་སྤྱོད་པའང་ཡོངས་སུ་རྫོགས་ཤིང་། ནང་གསང་སྔགས་ཐབས་ལམ་རྩ་རླུང་ལེགས་པར་ཉམས་སུ་ལེན་ཤེས་ན་ལུས་ཀྱི་རྩ་མདུད་ཐམས་ཅད་བཀྲོལ་ཞིང་ཚོགས་གཉིས་ཀྱི་མཚར་སྡུག་ཡོངས་སུ་རྫོགས་པའི་ངོ་བོ་ཟག་མེད་བདེ་སྟོང་ལྷན་གཅིག་སྐྱེས་པའི་ཡེ་ཤེས་རྗེ་བཙུན་སྒྲོལ་མ་ཉམས་ལེན་ཚུལ་ལོ།  ^0-40
Y	135	8	2	7,	7,8 བཞི་པ་མཐར་ཐུག་རྫོགས་རིམ་མཚན་མེད་ལྟར་ན། པདྨ་ལྟར་གཟུང་འཛིན་དྲི་མ་རང་གར་སངས་པའི་ཡེ་ཤེས་ཇི་བཞིན་པའི་རང་བྱུང་ཡེ་ཤེས་ངང་ལ། བསལ་གཞག་བཟོ་བཅོས་དང་བྲལ་བའི་ངང་ལ་གནས་ན། ཕ་རོལ་ཕྱིན་པ་དྲུག་དང་ས་ལམ་ཆིག་རྫོགས་སུ་འགྱུར་ཞིང་གཞི་དབྱིངས་ཀུན་ཏུ་བཟང་མོའི་རྗེ་བཙུན་འཕགས་མ་སྒྲོལ་མ་མངོན་དུ་འགྱུར་བའོ།  ^0-41
Y	165	10	2	9,	9,10 བཞི་པ་མཐར་ཐུག་རྫོགས་རིམ་མཚན་མེད་ནི། དེ་བཞིན་གཤེགས་པའི་གཙུག་ཏོར་ནི་ཐེག་པ་རིམ་དགུའི་རྩེ་མོ་རྫོགས་ཆེན་ཨ་ཏི་ཡོ་ག་ལྟ་བ་སྣང་སྲིད་འཁོར་འདས་ཀྱིས་བསྡུས་པའི་ཆོས་ཐམས་ཅད་རིག་པ་རང་བྱུང་ཡེ་ཤེས་ཀློང་དུ་མ་བཙལ་ཡེ་རྫོགས་ཡེ་སངས་རྒྱས་པའོ། ཐ་མལ་པའི་འཁྲུལ་སྣང་ལས་རླུང་འཕོ་འགྱུར་ཅན་འདི་རྣམས་མཁའ་ལ་སྤྲིན་ཚོགས་དེངས་པ་ལྟར་ཤར་གྲོལ་རང་ཡལ་གཞི་གྲོལ་ཆོས་སྐུ་ཆེན་པོའི་རྒྱལ་ཐབས་ལ་འགོད་པ་ནི་འཇའ་ལུས་ཟང་ཐལ་ཆེན་པོར་དེ་བཞིན་གཤེགས་པའི་གཙུག་ཏོར་རྗེ་བཙུན་འཕགས་མ་སྒྲོལ་མ་མཐའ་ཡས་རྣམ་པར་རྒྱལ་བར་སྤྱོད་མ་ཡིན་ནོ། ཞེས་སོ། ^0-51
Y	187	13	4	12,	 12,13 གསུམ་པ་སྦས་དོན་རྫོགས་རིམ་མཚན་བཅས་ནི། ཏུཏྟཱ་ར་ནི་གདུང་བ་སྟེ་གཏུམ་མོའི་མེའོ། ཧཱུྃ་ནི་འགྱུར་མེད་མི་ཤིགས་པ་སྟེ་བདེ་བ་ཆེན་པོའོ། འདོད་པ་ནི་གསང་བའི་འཁོར་ལོའོ། ཕྱོགས་ནི་རྩ་དབུ་མ་སྟེ་བདེ་བས་ནང་གང་བའོ། ནམ་མཁའ་གང་བ་ནི་བརྗོད་བྲལ་ལྷན་ཅིག་སྐྱེས་པའི་ཡེ་ཤེས་སོ། འཇིག་རྟེན་བདུན་ནི་རྩ་་འཁོར་ལོ་ལྔ་དང་། མེ་རླུང་འཁོར་ལོ་གཉིས་སོ། ^0-58
Y	193	13	3	12,	12,13 བཞི་པ་མཐར་ཐུག་དོན་རྫོགས་རིམ་མཚན་མེད་ནི། ཏུཏྟཱ་ར་ཧྰུྃ་ནི་གནས་ལུགས་ཆོས་དབྱིངས་བྱང་ཆུབ་ཀྱི་སེམས་རང་བྱུང་རིག་པའི་ཡེ་ཤེས་ཉིད་ཡིན་ནོ། དེ་མངོན་དུ་གྱུར་པ་ན། སྒོ་ལྔའི་ཤེས་པ་ཡེ་ནས་འཛིན་མེད་རང་སར་གྲོལ་བས་འདོད་ཁམས་ཞབས་ཀྱིས་མནན། ཡིད་ཀྱི་རྣམ་ཤེས་དང་ཉོན་ཡིད་གཅིག་ཏུ་བསྡུས་ཏེ་ཡེ་ནས་འགྱུ་བ་རང་སར་གྲོལ་བས་ན་གཟུགས་ཁམས་ཞབས་ཀྱིས་མནན། ཀུན་གཞི་དང་།  ^0-60
Y	225	15	3	14,	14,15 བཞི་པ་མཐར་ཐུག་མཚན་མེད་རྫོགས་རིམ་ལྟར་ན། ཡེ་ནས་འབྱུང་བ་ཆེན་པོ་ལྔ་དང་། དེ་ལས་ཕུང་པོ་ལྔ་དང་། སྐྱེ་མཆེད་བཅུ་གཉིས་དང་། ཁམས་བཅོ་བརྒྱད་རྣམས། ཡེ་ནས་སྣང་སྲིད་ཀུན་རྫོབ་ཏུ་དག་པ་ཆེན་པོ་དང་། དོན་དམ་དུ་མཉམ་པ་ཆེན་པོ་སྟེ་དག་མཉམ་བདེན་པ་དབྱེར་མེད་སྣང་སྲིད་གཞིར་བཞེངས་རང་བྱུང་ལྷུན་གྲུབ་ཀྱི་དཀྱིལ་འཁོར་ཉིད།  ^0-71
Y	243	17	3	16,	16,17 གཉིས་པ་སྤྱི་དོན་བསྐྱེད་རིམ་ལྟར་ན། པདྨ་དང་ཟླ་བའི་གདན་ལ་གཏུམ་མོ་གཞན་གྱིས་མི་ཐུབ་མ། སྐུ་མདོག་ནག་མོ་ཆར་སྤྲིན་དྲག་གཏིབ་པ་ལྟ་བུ། ཡེ་ཤེས་མེ་ཕུང་རབ་ཏུ་འབར་མ། ཁྲོ་གཉེར་རྒྱ་མཚོ་འཁྲུགས་པའི་རླབས་ལྟར་འཁྲུགས་པ། ཞབས་གཉིས་རྟ་འབབས་སྐྱིལ་ཀྲུང་། ཞལ་གཅིག་ཕྱག་གཉིས། ཁྲོ་གཉེར་ཅན་དབུ་སྐྲ་གྱེན་དུ་བརྫེས་པ་ཕྱག་གཡས་མཆོག་སྦྱིན་དང་།  ^0-77
Y	249	17	3	16,	16,17གསུམ་པ་སྦས་དོན་རྫོགས་རིམ་མཚན་བཅས་ལྟར་ན། ཏྲཊ་ཅེས་དྲལ་བ་དང་། ཕཊ་ཅེས་གཅོད་པའམ་འགས་པས། ལས་དང་ཉོན་མོངས་པའི་རྣམ་རྟོག་གི་འཁྲུལ་འཁོར་དུས་སྦྱོར་བཅུ་གཉིས་ཀྱི་རླུང་སོགས་དབུ་མའི་དབྱིངས་སུ་འགགས་པ་དང་། གཡས་ཀྱི་རྩ་རོ་མ་བསྐུམ་པ་ཁ་སྟེང་དུ་བལྟ་བ་དང་།  གཡོན་གྱི་རྩ་རྐྱང་མ་ནི་བརྐྱངས་བ་སྟེ་ཁ་འོག་ཏུ་བལྟ་བ་ཡིན་ལ། ^0-79
Y	255	17	3	16,	16,17 བཞི་པ་མཐར་ཐུག་མཚན་མེད་རྫོགས་རིམ་ནི། ཏྲཊ་ཅེས་བྱ་བ་དང་ཕཊ་ཅེས་བྱ་བའི་སྒྲས་འཁོར་འདས་གཟུང་འཛིན་རེ་དོགས་སོགས་གཉིས་འཛིན་གང་ཤར་རང་གྲོལ་མཁའ་ལ་སྤྲིན་ཚོགས་དེངས་པ་ལྟར་ཆོས་ཉིད་རིག་སྟོང་ཟང་ཐལ་རྗེན་པར་བུད་པའི་ཚེ་ན། འཁོར་འདས་བཟང་ངན་སྡུག་བསྔལ་བདེ་བ་སོགས་ཀྱི་གཟུང་འཛིན་རེ་དོགས་ཐམས་ཅད། དྲལ་ཞིང་འགས་པར་བྱེད་ཅིང་།  ^0-81
Y	275	19	3	18,	18,19,29 གཉིས་པ་སྤྱི་དོན་བསྐྱེད་རིམ་ལྟར་ན། པདྨ་དང་ཟླ་བའི་གདན་གྱི་སྟེང་དུ། རྗེ་བཙུན་འཕགས་མ་གཞན་མི་རྒྱལ་བའི་དཔའ་མོ་སྐུ་མདོག་དམར་ནག། ཞབས་གཉིས་རྟ་འབབས་སྐྱིལ་ཀྲུང་། ཞལ་གཅིག་ཕྱག་གཉིས། གཡས་མཆོག་སྦྱིན་དང་། གཡོན་དཀོན་མཆོག་གསུམ་མཚོན་ཕྱག་རྒྱའི་སྙན་ཐད་ཨུཏྤལ་ཁ་ཕྱེ་བའི་སྟེང་། རྡོ་རྗེ་མེ་འབར་བ་ཚྭ་ཚྭ་ཅན་ལས་ཚ་ཞིང་རྩུབ་པའི་འོད་ཟེར་གྱིས་ཉོན་མོངས་བདུད་དགྲ་གཞན་གྱི་མཚངས་འདྲུ་བ་དང་དགྲ་གྱོད་སོགས་ལྷག་མ་མེད་པར་བསྲེགས་གཏོར་བཤིག་པར་བསམ་ལ་ཏུ་རེའི་རིག་སྔགས་བཟླའོ། ཞེས་སོ།  ^0-88
Y	275	29	6	18,19,	18,19,29 གཉིས་པ་སྤྱི་དོན་བསྐྱེད་རིམ་ལྟར་ན། པདྨ་དང་ཟླ་བའི་གདན་གྱི་སྟེང་དུ། རྗེ་བཙུན་འཕགས་མ་གཞན་མི་རྒྱལ་བའི་དཔའ་མོ་སྐུ་མདོག་དམར་ནག། ཞབས་གཉིས་རྟ་འབབས་སྐྱིལ་ཀྲུང་། ཞལ་གཅིག་ཕྱག་གཉིས། གཡས་མཆོག་སྦྱིན་དང་། གཡོན་དཀོན་མཆོག་གསུམ་མཚོན་ཕྱག་རྒྱའི་སྙན་ཐད་ཨུཏྤལ་ཁ་ཕྱེ་བའི་སྟེང་། རྡོ་རྗེ་མེ་འབར་བ་ཚྭ་ཚྭ་ཅན་ལས་ཚ་ཞིང་རྩུབ་པའི་འོད་ཟེར་གྱིས་ཉོན་མོངས་བདུད་དགྲ་གཞན་གྱི་མཚངས་འདྲུ་བ་དང་དགྲ་གྱོད་སོགས་ལྷག་མ་མེད་པར་བསྲེགས་གཏོར་བཤིག་པར་བསམ་ལ་ཏུ་རེའི་རིག་སྔགས་བཟླའོ། ཞེས་སོ།  ^0-88
Y	285	20	3	19,	19,20 བཞི་པ་མཐར་ཐུག་མཚན་མེད་རྫོགས་རིམ་ལྟར་ན། བདུད་ཀྱི་དཔའ་བོ་རྣམ་པར་འཇོམས་མ་དང་། ཆུ་སྐྱེས་ཞལ་ནི་གཉེར་ལྡན་མཛད་དང་། དགྲ་ཐམས་ཅད་མ་ལུས་གསོད་མ་ནི། ཕྱི་རུ་དབུགས་སྲང་ཆུ་ཚོད་འཕོ་བཅས་མཚན་རྟོག་ཐམས་ཅད་དོན་དམ་ཡེ་ཤེས་ཀྱི་རླུང་ངམ་སྲོག་ཆེན་པོ་སྟེ།  ^0-91
Y	315	22	3	21,	21,22  གསུམ་པ་སྦས་དོན་རྫོགས་རིམ་མཚན་བཅས་ལྟར་ན། དཀོན་མཆོག་གསུམ་མཚོན་ནི་ཁུ་རྡུལ་རླུང་གསུམ་སྟེ། སོར་མོ་ནི་དེ་གསུམ་གཅིག་ཏུ་འདུས་པའི་ཕྱག་རྒྱ། ཐུགས་ཀར་ནི་དེ་རྣམས་རྩ་འཁོར་སོ་སོའི་ཐུགས་དབུས་ཀྱི་ལྟེ་བར་རོ། བརྒྱན་མ་ནི་ཡོངས་སུ་བཅིངས་ཞིང་འཛིན་པ། རང་གི་འོད་ཀྱི་ཚོགས་རྣམས་འཁྲུགས་མ་ནི། ཡེ་ཤེས་ཀྱི་སྐུ་དོན་གྱི་གཏུམ་མོའི་འོད་ཟེར་གྱིས་བདེ་སྟོང་ལྷན་ཅིག་སྐྱེས་པའི་ཡེ་ཤེས་འོད་བརྒྱའི་ཉམས་རྟོགས་ནང་ནས་འཁྲུགས་ཤིང་འབར་བའོ། ཞེས་སོ།  ^0-102
Y	319	22	3	21,	21,22 བཞི་པ་མཐར་ཐུག་རྫོགས་རིམ་མཚན་མེད་ལྟར་ན། ཡེ་ནས་སྒོ་གསུམ་སྣང་གྲགས་རིག་གསུམ་རྡོ་རྗེ་གསུམ་གྱི་ངོ་བོ་དཀོན་མཆོག་གསུམ་མཚོན་ངོ་བོར་སད་པས། རྩ་བ་དང་ཉེ་བའི་ཉོན་མོངས་རྣམས་ཀྱི་དངོས་རྒྱུ་འཇིག་ལྟ་ངར་འཛིན་ལྷན་སྐྱེས་འཇིག་ཚོགས་ལ་ལྟ་བ་རིའི་རྩེ་མོ་ཉི་ཤུ་མཐོ་བ་རྣམས་རང་རིག་འོད་གསལ་ཡེ་ཤེས་རྡོ་རྗེས་བཅོམ་པས་སྲིད་གསུམ་ངང་རྫོགས་ཆེན་པོར་ཀུན་ཏུ་བཟང་མོའི་ཀློང་དུ་སངས་རྒྱས་པའོ། ཞེས་སོ།  ^0-103
Y	341	24	3	23,	23,24 གསུམ་པ་སྦས་དོན་རྫོགས་རིམ་མཚན་བཅས་ནི། རབ་ཏུ་དགའ་བ་ལྷན་ཅིག་སྐྱེས་པའི་གཟི་བརྗིད་ཀྱི་འོད་ཟེར་གྱིས་དབུ་ལ་བརྒྱན་པ་ནི། སྤྱི་བོར་མས་བརྟན་པའི་ལྷན་སྐྱེས་ཀྱི་བདེ་བ་སྟེ། བཞད་པ་རབ་བཞད་ཀྱང་འཁོར་ལོ་བཞི་ལ་ཐིག་ལེ་དབབ་བཟུང་ལྡོག་དགྲམ་སྟེ་ལུགས་འབྱུང་ལྡོག་བརྒྱད་ཀྱི་ཐིག་ལེ་ནི་བཞད་པ་བརྒྱད་ལྡན་ནོ། ཏུཏྟཱ་ར་ནི་གདུང་བ་སྟེ་གཏུམ་མོའི་མེ་དཔུང་ཆེས་ཆེར་རྣོ་བས་གདུང་བའོ བདུད་ནི་ཆགས་རྟོག་རང་ག་མ་སྟེ། འཇིག་རྟེན་ནི་ཐ་མལ་པའི་སྲེད་ཚོར་ཟག་བཅས་ལུས་ངག་ཡིད་གསུམ་ཟག་མེད་བདེ་ཆེན་ཡེ་ཤེས་ཀློང་དུ་དབང་དུ་བྱེད་པ་བདེ་སྟོང་ཙཎྜ་ལཱིའི་རྗེ་བཙུན་མའོ། ཞེས་སོ།  ^0-110
Y	345	24	3	23,	23,24 བཞི་པ་མཐར་ཐུག་རྫོགས་རིམ་མཚན་མེད་ལྟར་ན། རིག་པ་རང་བྱུང་གི་ཡེ་ཤེས་གོ་མྱོང་རྟོགས་པའི་རྩ་ལ་ཆེན་རྒྱས་པ་ན། རང་གི་སྣང་བ་ཐམས་ཅད་དབང་དུ་འདུས་ལ་གཟུང་འཛིན་འཁྲུལ་སྣང་ཐམས་ཅད་ཟིལ་གྱིས་གནོན་ལ། རང་སྣང་དབང་དུ་འདུས་ན་གཞན་འཇིག་རྟེན་གསུམ་གྱི་སྣང་སྲིད་ཐམས་ཅད་རང་རིག་ཐིག་ལེ་ཉག་གཅིག་གི་ཀློང་དུ་འུབ་ཆུབ་པས་སྲིད་གསུམ་ཟིལ་གྱིས་གནོན་ལ་དབང་དུ་སྡུད་ཅིང་འཇིག་རྟེན་གསུམ་ལས་རྣམ་པར་རྒྱལ་བ་ཡིན་ནོ། ཞེས་སོ།  ^0-111
Y	361	26	3	25,	25,26 གཉིས་པ་སྤྱི་དོན་བསྐྱེད་རིམ་ལྟར་ན། པདྨ་དང་ཟླ་བའི་གདན་གྱི་སྟེང་དུ་ནོར་སྟེར་རྗེ་བཙུན་འཕགས་མ་སྒྲོལ་མ་ནི། སྐུ་མདོག་དམར་སེར་བརྗིད་ཅིང་ཆགས་པའི་ཞི་མ་ཁྲོ། ཞབས་གཉིས་རྟ་འབབས་སྐྱིལ་ཀྲུང་། ཞལ་གཅིག་ཕྱག་གཉིས། ཕྱག་གཡས་མཆོག་སྦྱིན་དང་། གཡོན་པས་སྙན་ཐད་ཨུཏྤལ་འདབ་རྒྱས་ཟེའུའི་འབྲུའི་སྟེང་ན།  ^0-116
Y	367	26	4	25,	 25,26 གསུམ་པ་སྦས་དོན་རྫོགས་རིམ་མཚན་བཅས་ནི། ས་གཞི་སྐྱོང་བ་ས་འོག་གི་སྒྲས་རྡུལ་གྱི་དྭངས་མ་གཙུག་ཏོར་ནས་ནོར་བུའི་བར་དུ་བརྟན་པའི་ཚུལ་གྱིས་འགུགས་པ་དང་།  ཁྲོ་གཉེར་གཡོ་བ་དང་ཧཱུྃ་གི་སྒྲས། རི་བོང་ཅན་གྱི་དྭངས་མ། ཁྲོ་གཉེར་ཅན་ཏེ། གསང་གནས་ནས་སྨིན་མཚམས་ཐིག་ལེ་བརྒྱུད། གཙུག་ཏོར་བར་དུ་བརྟན་པ་ནི་ནམ་མཁའ་མཛོད་ལ་སོགས་པའི་ཏིང་ངེ་འཛིན་བསྒྲུབ་པའི་ཕྱིར་ཕོངས་ལས་གྲོལ་བའོ། འདིས་བདེ་སྟོང་ཏིང་ངེ་འཛིན་གྱི་ཡན་ལག་ཁྱད་ཆོས་དཀར་དམར་གྱི་བགྲོད་པ་སྟེང་འོག་ཏུ་འགགས་ཚུལ་ལོ། ཞེས་སོ། ^0-118
Y	371	26	3	25,	25,26 བཞི་པ་མཐར་ཐུག་མཚན་མེད་རྫོགས་རིམ་ལྟར་ན། འཁོར་བའི་གཟུང་འཛིན་གཉིས་སྣང་གི་སྒྲིབ་པའི་རྒྱུ་རིག་པའི་ཡེ་ཤེས་རང་ངོ་མ་ཤེས་པ་མ་རིག་པ་ས་གཞི་སྐྱོང་བའི་ཚོགས་རྣམས། རིག་པའི་དོན་རྟོགས་པའི་མོད་ལ་རང་སྣང་རྣམ་རྟོག་ཐམས་ཅད་དབང་དུ་བསྡུས་ཤིང་གཞན་སྣང་ཐམས་ཅད་འགུག་པར་ནུས་པའི། རང་བྱུང་རིག་པའི་ཡེ་ཤེས་ཀྱི་རྟོགས་པ་ནང་ནས་རྡོལ་བས་ཧཱུྃ་ཡིག་ཡེ་ཤེས་ལྔའི་རྩལ་འོད་འབར་བས་སྣང་སྲིད་དབང་དུ་འདུ་ཞིང་ཚོགས་ཆེན་ཡེ་རྫོགས་སྲིད་ཞིའི་དབུལ་ཕོངས་ཐམས་ཅད་རྣམ་པར་སེལ་བའི་ནོར་སྟེར་རྗེ་བཙུན་འཕགས་མ་སྒྲོལ་མའོ། ཞེས་སོ།  ^0-119
Y	387	28	3	27,	27,28 གཉིས་པ་སྤྱི་དོན་བསྐྱེད་རིམ་ལྟར་ན། པདྨ་དང་བའི་སྟེང་ན། བཀྲ་ཤིས་དོན་བྱེད་འཕགས་མ་སྒྲོལ་མ་སྐུ་མདོག་སེར་པོ། ཞབས་གཉིས་རྟ་འབབས་སྐྱིལ་མོ་ཀྲུང་། ཞལ་གཅིག་ཕྱག་གཉིས། ཕྱག་གཡས་མཆོག་སྦྱིན་དང་། གཡོན་དཀོན་མཆོག་གསུམ་མཚོན་ཕྱག་རྒྱའི་མཐེབ་སྲིན་ཨུཏྤལ་ཡུ་བ་འཛིན་པ། སྙན་ཐད་དུ་ཨུཏྤལ་ཟེའུའི་འབྲུའི་སྟེང་། ཕུན་སུམ་ཚོགས་པའི་དཔལ་བེའུ་འོད་ཟེར་འཕྲོ་བ་ཅན་བསྣམས་པ། འཕགས་མའི་སྐུ་དང་དཔལ་བེའུ་དང་ཟླ་ཚེས་དང་འོད་དཔག་མེད་པའི་སྐུ་དེ་ལས་འོད་ཟེར་བཀྲ་ཤིས་རྫས་རྟགས་ཀྱི་ཆར་བབས་པས།བརྟན་གཡོའི་རྟེན་འབྲེལ་ལོག་དུག་ཐམས་ཅད་གཞིལ་ཏེ་སྣོད་བཅུད་ཐམས་ཅད་ཕུན་སུམ་ཚོགས་པར་གྱུར་པར་བསམ་སྟེ་རིག་སྔགས་བཟླའོ། ཞེས་སོ།  ^0-124
Y	391	28	3	27,	27,28 གསུམ་པ་སྦས་དོན་རྫོགས་རིམ་མཚན་བཅས་ནི། ཟླ་བའི་དུམ་བུས་དབུ་རྒྱན་ནི་བྱང་ཆུབ་ཀྱི་ཐིག་ལེ་དཀར་པོ་སྤྱི་བོར་བརྟན་པའོ། རལ་པའི་ཁྲོད་ན་ནི་ལུས་དང་གྲིབ་མའི་ཚུལ་དུ་སྤྱི་བོར་བརྟན་ཏེ་གནས་པའོ། འོད་དཔག་མེད་ནི་ཐིག་ལེ་དམར་ཆའི་དྭངས་མའོ། རྟག་པར་ཤིན་ཏུ་འོད་རབ་མཛད་མ་དེ་གཉིས་འཕོ་མེད་དྷུ་ཏིར་འཆིངས་ནུས་ན། སྟོང་གཟུགས་འོད་གསལ་ཕྱག་རྒྱ་ཆེན་པོའི་དག་སྣང་གི་དཀྱིལ་འཁོར་གྱི་འཁོར་ལོ་མཐའ་ཡས་པ་འཆར་པར་འགྱུར་ཞེས་སོ།  ^0-125
Y	395	28	3	27,	27,28 བཞི་པ་མཐར་ཐུག་མཚན་མེད་རྫོགས་རིམ་ལྟར་ན། ཟླ་བའི་དུམ་བུའི་དབུ་རྒྱན་ནི་དབང་བཞི་པ་དོན་དམ་ཚིག་དབང་གནས་ལུགས་རྫོགས་པ་ཆེན་པོའི་ཆོས་ཉིད་མངོན་སུམ། བརྒྱན་པ་ཐམས་ཅད་ཤིན་ཏུ་འབར་མ་ནི་ཉམས་སྣང་གོང་འཕེལ། རལ་པའི་ཁྲོད་ན་འོད་དཔག་མེད་པ་ནི། རིག་པ་ཚད་ལ་ཕེབས་པ།རྟག་པར་ཤིན་ཏུ་རབ་མཛད་མ་ནི་ཆོས་ཉིད་ཟད་སར་འཁྱོལ་ཏེ་སྐུ་དང་ཡེ་ཤེས་རྒྱས་པའོ། ཞེས་སོ། ^0-126
Y	413	30	3	29,	29,30 གཉིས་པ་སྤྱི་དོན་བསྐྱེད་རིམ་ལྟར་ན། པདྨ་དང་ཟླ་བའི་གདན་གྱི་སྟེང་དུ་ཡེ་ཤེས་ཀྱི་མེ་ཕུང་འབར་བའི་དབུས་ན། རྗེ་བཙུན་འཕགས་མ་སྒྲོལ་མ་གཡུལ་ལས་རྒྱལ་བྱེད་མདོག་དམར་མོ། ཞབས་གཉིས་རྟ་འབབས་སྐྱིལ་ཀྲུང་། ཞལ་གཅིག་ཕྱག་གཉིས། སྤྱན་གསུམ། ཞལ་ཞི་མ་ཁྲོའི་ཞལ་ཅན། ཕྱག་གཡས་མཆོག་སྦྱིན་དང་།  ^0-132
Y	419	30	3	29,	29,30 གསུམ་པ་སྦས་དོན་རྫོགས་རིམ་མཚན་བཅས་ནི། བསྐལ་པ་ཐ་མའི་མེ་ལྟ་བུ་ནི་དབྱིངས་ཀྱི་རང་གཟུགས་རབ་ཚ་བ་ཡེ་ཤེས་ཀྱི་མེ་ཨ་ཤད་ཙཎྜ་ལཱིའོ། གཡས་བརྐྱངས་གཡོན་བསྐུམ་ཀུན་ནས་བསྐོར་དགའ་ལུས་དང་སྣང་བ་ཀུན་ལ་ཁྱབ་པར་འབྱུང་བའི་རྒྱུ་ནི། ཟླ་བ་རོ་མ་ནི་སྤྱི་བོའི་ཧཾ་ལས་འབབས་པས་ན་གཡས་བརྐྱངས་པའོ། ཉི་མ་རྐྱང་མ་གསང་གནས་ཨ་ལས་འབབས་པ་ན་གཡོན་བསྐུམ་པའོ།  ^0-134
Y	425	30	3	29,	29,30 བཞི་པ་མཐར་ཐུག་མཚན་མེད་རྫོགས་རིམ་ལྟར་ན། བསྐལ་པ་ཐ་མ་མེ་ནི་རིག་སྟོང་རང་བྱུང་མངོན་གྱུར་པས་འཁྲུལ་སྣང་གི་འཛིན་ཞེན་ཐམས་ཅད་ལྷག་མེད་བསྲེགས་ནུས་པའོ། གཡས་བརྐྱངས་གཡོན་བསྐུམ་ཀུན་ནས་བསྐོར་དགའ་ནི་ཐབས་མཁྱེན་པ་དང་བརྩེ་བའི་རྩལ་འབར་བས་ཤེས་རབ་སྟོང་པ་ཉིད་ནང་གསལ་གྱི་ཡེ་ཤེས་འཕོ་བྲལ་བདེ་བ་ཆེན་པོའོ། དགྲ་དཔུང་རྣམ་པར་འཇོམས་མ། ཕྱི་ས་རྡོ། ནང་སྒྱུ་ལུས། གསང་བའི་འཁྲུལ་རྟོག་གཉིས་འཛིན་རེ་དྭོགས་བཅོམ་པའོ། ཞེས་སོ། ^0-136
Y	443	32	3	31,	31,32 གཉིས་པ་སྤྱི་དོན་བསྐྱེད་རིམ་ལྟར་ན། པདྨ་དང་ཟླ་བའི་གདན་གྱི་སྟེང་དུ་རྗེ་བཙུན་འཕགས་མ་སྒྲོལ་མ་ཁྲོ་གཉེར་ཅན་སྐུ་མདོག་ཆར་སྤྲིན་ལྟར་གནག་པ། ཞབས་གཉིས་རྟ་འབབས་སྐྱིལ་མོ་ཀྲུང་། ཞལ་གཅིག་ཕྱག་གཉིས། ཕྱག་གཡས་མཆོག་སྦྱིན་དང་གཡོན་དཀོན་མཆོག་གསུམ་ཕྱག་རྒྱའི་སྙན་ཐད་དུ་ཨུཏྤལ་ཁ་ཕྱེ་བའི་ཟེའུ་འབྲུའི་སྟེང་ན། གཏུན་ཤིང་འཛིན་ཅིང་ཧཱུྃ་སྒྲ་སྒྲོགས་པའི་འོད་ཟེར་རྡོ་རྗེ་མེ་ཆར་འབེབས་པ་དང་། ཕྱག་དང་ཞབས་ས་ལ་བསྣུན་པ་ཡིས། དམ་ལོག་འགོང་པོ་རྒྱ་འདྲེའི་མགོ་བཀས་ཤིང་ཆོས་ཉིད་ཀྱི་ངང་དུ་བརྒྱལ་བར་བསམ་ལ་རིག་སྔགས་ཡི་གེ་བཅུ་པ་བཟླའོ། ཞེས་སོ།  ^0-142
Y	447	32	3	31,	31,32 གསུམ་པ་སྦས་དོན་རྫོགས་རིམ་མཚན་བཅས་ནི། ས་གཞིའི་ངོས་ནི་ལྟེ་བའི་དཀྱིལ་འཁོར་ཏེ། ཤེས་རབ་སྟོང་པ་ཉིད་ཆོས་ཀྱི་དབྱིངས་ཀྱི་རང་གཟུགས་རབ་འབར་གཏུམ་མོ་ཡེ་ཤེས་ཀྱི་མེ་ཡི་ངེས་པའི་དོན་ཀྱི་ལྷ་མོའི་ཞབས་ཀྱིས་བརྡུངས་པ་དང་། མེ་ལྕེས་ཕྱག་གིས་བསྣུན་པའོ། དེའང་རིམ་པ་བདུན་ནི། དབུ་མའི་མས་སྣ་ན་ཚངས་པའི་མེ་ཙཎྜ་ལཱི་སྟེ་འོག་ནས་སྤྱི་གཙུག་བར་སྦྲུལ་ལྟར་འཁྱིལ་བ་ལན་བདུན་རབ་ཏུ་འབར་བའི་འགྲོས་ཀྱིས་གཏུམ་མོའི་མེ་འབར་བས་བྱང་ཆུབ་ཀྱི་སེམས་འབབ་ཅིང་བཞུ་བས་མེའི་གདུང་བ་ཞི་བ་དང་། དེའི་ལས་ཉོན་རྩ་མདུད་རྣམས་འགེམས་ཤིང་འཇིག་སྟེ་བཀྲོལ་བའོ། ཞེས་སོ། ^0-143
Y	451	32	3	31,	31,32 བཞི་པ་མཐར་ཐུག་མཚན་མེད་རྫོགས་རིམ་ལྟར་ན། ས་གཞི་ངོས་ནི་མ་རིག་པ་སྟེ་མ་དག་སྐབས་བག་ཆགས་སྣ་ཚོགས་པའི་ཀུན་གཞི་དང་། དག་པའི་སྐབས་གནས་ལུགས་དོན་གྱི་ཀུན་གཞི་ཆོས་ཀྱི་དབྱིངས་སོ། མཐིལ་གྱིས་བསྣུན་ཅིང་ཞབས་ཀྱིས་བརྡུངས་མ་ནི། དེའང་བླ་མ་མཚན་ཉིད་དང་ལྡན་པ་ལས། གནས་ལུགས་རྫོགས་པ་ཆེན་པོའི་གདམས་ངག་ཚང་ལ་མ་ནོར་བར་མན་ངག་མཛུབ་བཙུགས་ཀྱིས་ངོ་འཕྲོད་བླ་མ་སངས་རྒྱས་སུ་བལྟ་བའི་འགྱུར་མེད་དད་པ་ས་གཞི་ལྟ་བུས་གཞི་གཟུང་།  ^0-144
Y	471	34	3	33,	33,34 གཉིས་པ་སྤྱི་དོན་བསྐྱེད་རིམ་ལྟར་ན། པདྨ་དང་ཟླ་བའི་གདན་གྱི་སྟེང་དུ། རྗེ་བཙུན་འཕགས་མ་སྒྲོལ་མ་རབ་ཞི་མ་སྐུ་མདོག་བཅོ་ལྔའི་ཟླ་བ་ལྟར་དཀར་ཞིང་འཛུམ་པ། ཞབས་གཉིས་རྟ་འབབས་སྐྱིལ་མོ་ཀྲུང་། ཞལ་གཅིག་ཕྱག་གཉིས། ཕྱག་གཡས་མཆོག་སྦྱིན་ཕྱག་རྒྱ་དང་། གཡོན་དཀོན་མཆོག་གསུམ་མཚོན་ཕྱག་རྒྱའི་ཨུཏྤལ་སྙན་ཐད་གྲོལ་བའི་ཟེའུ་འབྲུའི་དབུས་ན།  ^0-151
Y	477	34	4	,	33 ,34 གསུམ་པ་སྦས་དོན་རྫོགས་རིམ་མཚན་བཅས་ནི། བདེ་མ་དང་། དགེ་མ་དང་། ཞི་མ་དང་། མྱ་ངན་འདས་ཞི་ནི། རང་ལུས་དང་གཞན་ལུས་ཐབས་ལྡན་གྱིས་རྩ་་འཁོར་ལོ་བཞི་ལ་ཐིག་ལེ་དབབ་བཟུང་ལྡོག་དགྲམ་བཞི་ཡིས་གནད་དུ་བསྣུན་པས། དགའ་བ་དང་། མཆོག་དགའ་བ་དང་། དགའ་བྲལ་དང་། ལྷན་སྐྱེས་ཀྱི་དགའ་བ་སྟེ་ཟག་མེད་ཀྱི་དགའ་བ་བཞིའི་ཡེ་ཤེས་ཀྱི་ངོ་བོ་བདེ་ཆེན་ལྷན་གཅིག་སྐྱེས་པའི་ཡེ་ཤེས་རྗེ་བཙུན་འཕགས་མ་སྒྲོལ་མ་ཐབས་ལམ་གྱི་རྣལ་འབྱོར་བྱ་ཚུལ་བསྟན་པའོ། ཞེས་སོ།  ^0-153
Y	481	34	3	33,	33,34 བཞི་པ་མཐར་ཐུག་མཚན་མེད་རྫོགས་རིམ་ལྟར་ན། རང་བྱུང་ཡེ་ཤེས་ལ་མངའ་དབང་བསྒྱུར་བ་ན། བདེ་མ་ནི་སོར་རྟོག་ཡེ་ཤེས་དང་། དགེ་མ་ནི་མེ་ལོང་ཡེ་ཤེས་དང་། ཞི་མ་ནི་མཉམ་ཉིད་ཡེ་ཤེས་དང་། མྱ་ངན་འདས་ཞི་ནི་ཆོས་དབྱིངས་ཡེ་ཤེས་དང་། སྡིག་པ་ཆེན་པོ་འཇོམས་པ་ཉིད་མ་ནི་བྱ་གྲུབ་ཡེ་ཤེས་ཏེ། ཡེ་ཤེས་ལྔའི་རང་རྩལ་རང་རིག་འཕགས་མ་སྒྲོལ་མ་མངོན་དུ་གྱུར་པས། བདག་འཛིན། བདེན་འཛིན། མཚན་འཛིན། གཉིས་འཛིན་སོགས་སྒྲིབ་པའི་སྡིག་པ་རང་ཞི་འཇོམས་པའོ། ཞེས་སོ།  ^0-154
Y	497	36	3	35,	35,36 གཉིས་པ་སྤྱི་དོན་བསྐྱེད་རིམ་ལྟར་ན། པདྨ་དང་ཟླ་བའི་གདན་གྱི་སྟེང་དུ། རྗེ་བཙུན་འཕགས་མ་སྒྲོལ་མ་བྱད་མའི་རིག་སྔགས་གཞོམ་མ་སྐུ་མདོག་དམར་མོ། ཞབས་གཉིས་རྟ་བབས་སྐྱིལ་ཀྲུང་། ཞལ་གཅིག་ཕྱག་གཉིས། ཕྱག་གཡས་མཆོག་སྦྱིན་ཕྱག་རྒྱ་དང་། གཡོན་དཀོན་མཆོག་གསུམ་མཚོན་ཕྱག་རྒྱའི་ཨུཏྤལ་ཟེའུ་འབྲུའི་སྟེང་ན། རྡོ་རྗེ་རྒྱ་གྲམ་འཛིན་པས་དགྲ་བོ་བྱད་མའི་མཐུ་སྟོབས་ངག་ནུས་ཐམས་ཅད་ལྷག་མེད་དུ་བཤིག་པར་བསམ་ལ་རིག་སྔགས་བཟླའོ། ཞེས་སོ།  ^0-159
Y	533	38	3	37,	37,38 གཉིས་པ་སྤྱི་དོན་བསྐྱེད་རིམ་ལྟར་ན། པདྨ་དང་ཟླ་བའི་གདན་གྱི་སྟེང་དུ། རྗེ་བཙུན་འཕགས་མ་སྒྲོལ་མ་དཔག་མེད་གནོན་མ་དམར་སེར་མཚམས་སྤྲིན་གསར་པའི་མདོག་ཅན། ཞབས་གཉིས་རྟ་བབས་སྐྱིལ་ཀྲུང་། ཞལ་གཅིག་ཕྱག་གཉིས། ཕྱག་གཡས་མཆོག་སྦྱིན་ཕྱག་རྒྱ་དང་། གཡོན་དཀོན་མཆོག་གསུམ་མཚོན་ཕྱག་རྒྱའི་ཨུཏྤལ་སྙན་ཐད་དུ་གྲོལ་བའི་ཟེའུ་འབྲུའི་དབུས་མཆོད་རྟེན་འཛིན་པ། ཐུགས་ཀའི་ཧཱུྃ་ལས་འོད་ཟེར་ཧཱུྃ་ཡིག་གྲངས་མེད་དང་། ཞབས་མཐིལ་ས་ལ་བརྡབ་པས། རི་རབ་དང་། མནྡཱ་ར་དང་། འབིགས་བྱེད་དང་། ཁམས་གསུམ་གཡོ་ཞིང་ལྡིག་པས་དྲག་ཤུལ་སྟོབས་ཀྱིས་དམིགས་བྱ་རྣམས་ཞབས་འོག་ཏུ་མནན་པར་བསམ་ལ་རིག་སྔགས་བཟླའོ། ཞེས་སོ།  ^0-172
Y	537	38	3	37,	37,38 གསུམ་པ་སྦས་དོན་རྫོགས་རིམ་མཚན་བཅས་ནི། རི་རབ་ནི་རྩ་་དབུ་མ་ཚངས་པའི་རུས་པ་སྒལ་ཚིགས་སོ། རི་གཞན་གཉིས་ནི་ཡིད་བཟང་མ་དང་དུང་ཅན་མ་ནི་གཡས་གཡོན་གྱི་རྩ་ཆེན་གཉིས་སོ། གཡོ་བ་ནི་བྱང་ཆུབ་སེམས་ཀྱིས་ཡོངས་སུ་གང་བའོ། འཇིག་རྟེན་གསུམ་ནི་སྟེང་འོག་གི་དབྱེ་བས་རྩ་གསུམ་གསུམ་དྲུག་གོ། ཧཱུྃ་གི་རྣམ་པའི་ས་བོན་ཉིད་ནི་ཐུགས་རྡོ་རྗེའི་རྟེན་ཟག་མེད་དྭངས་མའི་རྩ་་ཨ་ཝ་དྷུ་ཏི་སྟེ་རྩ་ཐམས་ཅད་ཀྱི་ས་བོན་ནུས་པ་དེར་ཐིམ་པའོ། ཞེས་སོ།  ^0-173
Y	541	38	3	37,	37,38 བཞི་པ་མཐར་ཐུག་མཚན་མེད་རྫོགས་རིམ་ལྟར་ན། ཏུ་རེ་ཞབས་ནི་བརྡབ་པ་ནི། བླ་མ་ལ་སངས་རྒྱས་དངོས་སུ་ལྟ་བའི་དང་འདོད་ཡིད་ཆེས་ཤུགས་དྲག་དད་མོས་ཚད་མའོ། ཧཱུྃ་གི་རྣམ་པའི་ས་བོན་ཉིད་ནི་བརྒྱུད་ལྡན་བླ་མའི་གདམས་ངག་ཚད་མས་རང་བྱུང་རིག་པའི་ཡེ་ཤེས་ཚད་མ་མངོན་དུ་གྱུར་པའོ། རི་གསུམ་དང་འཇིག་རྟེན་གསུམ་གཡོ་བ་ནི་རང་རིག་ཀློང་དུ་སྐུ་གསུམ་ལྷུན་གྲུབ་ཀྱི་ངོ་བོ་གྲོལ་ན་སྲིད་གསུམ་ངང་རྫོགས་གདོད་མའི་རྒྱལ་ས་ལ་འགོད་པར་བསྟན་པའོ། ཞེས་སོ།  ^0-174
Y	557	40	3	39,	39,40 གཉིས་པ་སྤྱི་དོན་བསྐྱེད་རིམ་ལྟར་ན། པདྨ་དང་ཟླ་བའི་གདན་གྱི་སྟེང་དུ། རྗེ་བཙུན་འཕགས་མ་སྒྲོལ་མ་རྨ་བྱ་ཆེན་མོ་སྐུ་མདོག་དཀར་པོ། ཞབས་གཉིས་རྟ་བབས་སྐྱིལ་མོ་ཀྲུང་། ཞལ་གཅིག་ཕྱག་གཉིས། ཕྱག་གཡས་མཆོག་སྦྱིན་ཕྱག་རྒྱ་དང་། གཡོན་དཀོན་མཆོག་གསུམ་མཚོན་ཕྱག་རྒྱའི་ཨུཏྤལ་ཟེའུ་འབྲུའི་དབུས་ན།  ^0-179
Y	563	40	3	39,	39,40 གསུམ་པ་སྦས་དོན་རྫོགས་རིམ་མཚན་བཅས་ནི། ལྷའི་མཚོ་ཡི་རྣམ་པ་ནི་རྡོ་རྗེ་ཕུང་པོའི་གྲོང་ཁྱེར་ཀྱི་ལུས་ཡིན་ལ། རི་དྭགས་རྟགས་ཅན་ནི་ལུས་དེ་ལས་བྱུང་བའི་ལྷན་ཅིག་སྐྱེས་པའི་རྟེན་ཀུནྡ་དང་བཅས་པ་ཡིན་ལ། ཕྱག་ན་བསྣམས་པ་ཐིག་ལེ་ནི་དེ་སྟོང་པ་ཉིད་དང་དབྱེར་མེད་བདེ་སྟོང་གཉིས་སུ་མེད་པའི་ངོ་བོ་འཛག་མེད་འཆིང་བའོ། ཏཱ་ར་ནི་སྒྲོལ་བའི་དོན་ཡིན་པས་ན། ལན་གཉིས་བརྗོད་པས་ཉོན་མོངས་དང་ཤེས་བྱའི་སྒྲིབ་པ་འདོད་སྲེད་རང་ག་མ་ལས་སྒྲོལ་ཞིང་། མ་དག་པའི་སྣང་བའི་ལུས་ཀྱི་རྩ་ཐིག་རླུང་གསུམ་གྱི་དུག་འཇོམས་པའོ། ཞེས་སོ།  ^0-181
Y	567	40	3	39,	39,40 བཞི་པ་མཐར་ཐུག་མཚན་མེད་རྫོགས་རིམ་ལྟར་ན། ལྷ་ཡི་མཚོ་ཡི་རྣམ་པ་ནི་གནས་ལུགས་རྫོགས་པ་ཆེན་པོའོ། རི་དྭགས་རྟགས་ཅན་ཕྱག་ན་བསྣམས་མ་ནི། གཞི་རྫོགས་པ་ཆེན་པོ་རིག་པ་རང་བྱུང་གི་ཡེ་ཤེས་བྲི་གང་འཕོ་འགྱུར་དང་བྲལ་བ་ལྷུན་གྲུབ་ཟླ་བའི་དཀྱིལ་འཁོར་ཉ་གང་བ་ནི་རི་དྭགས་རྟགས་ཅན་ཟླ་བའོ།  ^0-182
Y	587	42	3	41,	41,42 གཉིས་པ་སྤྱི་དོན་བསྐྱེད་རིམ་ལྟར་ན། པདྨ་དང་ཟླ་བའི་གདན་གྱི་སྟེང་དུ། མི་ཕམ་གཙུག་ཏོར་གདུགས་དཀར་མོ་སྐུ་མདོག་དཀར་མོ། ཞབས་གཉིས་རྟ་བབས་སྐྱིལ་མོ་ཀྲུང་། ཞལ་གཅིག་ཕྱག་གཉིས། ཕྱག་གཡས་མཆོག་སྦྱིན་ཕྱག་རྒྱ་དང་། གཡོན་དཀོན་མཆོག་གསུམ་མཚོན་ཕྱག་རྒྱའི་ཨུཏྤལ་ཟེའུ་འབྲུའི་སྟེང་ན་གདུགས་དཀར་པོ་འཛིན་པ་སྐུ་ལས་མེ་མཚོན་རྡོ་རྗེའི་ཚྭ་ཚྭ་སྤྲོས་པས་ཆོས་དང་སྲིད་ལ་རྒོལ་ངན་རྩོད་པ་དང་། གཞན་ཡང་བྱད་ཟོར་རྦོད་གཏོང་གི་ངག་ནུས་ཐམས་ཅད་བཅོམ་པ་དང་།  ^0-189
Y	593	42	3	41,	41,42 གསུམ་པ་སྦས་དོན་རྫོགས་རིམ་མཚན་བཅས་ནི། ལྷའི་རྒྱལ་པོ་ནི་རྩ་དབུ་མ། ལྷ་དང་མིའམ་ཅི་ནི་རོ་རྐྱང་གཉིས། ཀུན་ནས་གོ་ཆ་ནི་རྩ་རླུང་ཐིག་ལེ་བདེ་བ་བཞི་ཟག་མེད་ཆོས་དབྱིངས་མི་ཤིགས་པའི་ཐིག་ལེ་ཆེན་པོར་སྦས་ཏེ་ཐིག་ལེ་རྩའི་ནང་དུ་སྦ། རྣམ་རྟོག་ཡེ་ཤེས་སུ་སྦ། བདེ་བ་འོད་གསལ་དུ་སྦ། འོད་གསལ་འཛིན་མེད་དུ་སྦ་བ་སྟེ་སྦས་བཞི་བསྟན། རྩོད་དང་རྨི་ལམ་ངན་པ་སེལ་མ། སྦས་བཞི་ཡོད་ན་རྩ་རླུང་ཐིག་ལེའི་གེགས་སྐྱོན་སེལ་བའོ། ཞེས་སོ།  ^0-191
Y	597	42	3	41,	41,42 བཞི་པ་མཐར་ཐུག་མཚན་མེད་རྫོགས་རིམ་ལྟར་ན། ལྷའི་ཚོགས་རྣམས་རྒྱལ་པོ་ནི་བརྒྱུད་ལྡན་བླ་མ་མཚན་ཉིད་དང་ལྡན་པས་སྤྲད་པའི་རིག་པ་ཤར་གྲོལ་ཟང་ཐལ་མའི་ངང་བཞག་གོ ལྷ་དང་། མིའམ་ཅི་ཡིས་བསྟེན་མ་ནི། བསོད་ནམས་དང་། ཡེ་ཤེས་ཀྱི་ཚོགས་གཉིས་ཆེན་པོ་ངང་རྫོགས་སོ། ཀུན་ནས་གོ་ཆ་དགའ་བས་བརྗིད་པ་ནི། ཚོགས་དྲུག་ཡུལ་དུ་གང་ཤར་གདོད་ནས་གྲོལ་བའི་ཡེ་ཤེས་སོ། རྩོད་དང་རྨི་ལམ་ངན་པ་སེལ་མ། དེ་ལྟར་ཤར་གྲོལ་ལྷུན་འབྱམས་ཆེན་པོའི་ངང་མཚན་རྟོག་ཐམས་ཅད་རང་ཞི་རང་སེལ་ཡིན་ནོ། ཞེས་སོ།  ^0-192
Y	613	44	3	43,	43,44 གཉིས་པ་སྤྱི་དོན་བསྐྱེད་རིམ་ལྟར་ན། པདྨ་དང་ཟླ་བའི་གདན་གྱི་སྟེང་དུ། རྗེ་བཙུན་འཕགས་མ་སྒྲོལ་མ་རི་ཁྲོད་ལོ་མ་གྱོན་མ་སྐུ་མདོག་དམར་སེར་གུར་ཀུམ་གྱི་མདོག་ཅན། ཞབས་གཉིས་རྟ་བབས་སྐྱིལ་མོ་ཀྲུང་། ཞལ་གཅིག་ཕྱག་གཉིས། ཕྱག་གཡས་མཆོག་སྦྱིན་ཕྱག་རྒྱ་དང་།  ^0-197
Y	615	44	3	43,	43,44 གཡོན་དཀོན་མཆོག་གསུམ་མཚོན་སྐྱབས་སྦྱིན་ཕྱག་རྒྱའི་མཐེབ་སྲིན་བར་ན་ཨུཏྤལ་ཡུ་བ་བསྣམས་པ་སྙན་ཐད་ཁ་ཕྱེ་བའི་ཟེའུ་འབྲུའི་དབུས་ན་བདུད་རྩིས་གང་བའི་ཟ་མ་ཏོག་བསྣམས་པ། ཉི་མ་ཟླ་བ་རྒྱས་པའི་སྤྱན་ལས་འབར་བའི་འོད་ཟེར་གྱིས་ནད་བདག་དང་ནད་རིམས་བསྲེག་ཅིང་གསོ་བར་བསྒོམ་ལ། ཧ་ར་གཉིས་བརྗོད་ཏུཏྟཱ་ར་ཡི་རིག་སྔགས་འདི་བཟླའོ། ཨཱོྃ་ཏཱ་རེ་ཏུཏྟཱ་རེ་ཏུ་རེ་ན་མཿཏཱ་རེ་ན་ཧ་མོ་ར་ཧཱུྃ་ཧ་ར་སྭཱ་ཧཱ། ཞེས་སོ།  ^0-198
Y	645	46	3	45,	45,46 གཉིས་པ་སྤྱི་དོན་བསྐྱེད་རིམ་ལྟར་ན། པདྨ་དང་ཟླ་བའི་གདན་གྱི་སྟེང་དུ། རྗེ་བཙུན་འཕགས་མ་སྒྲོལ་མ་ལྷ་མོ་འོད་ཟེར་ཅན་མ་སྐུ་མདོག་དཀར་པོ། ཞབས་གཉིས་རྟ་བབས་སྐྱིལ་མོ་ཀྲུང་། ཞལ་གཅིག་ཕྱག་གཉིས། ཕྱག་གཡས་མཆོག་སྦྱིན་ཕྱག་རྒྱ་དང་། གཡོན་དཀོན་མཆོག་གསུམ་མཚོན་སྐྱབས་སྦྱིན་ཕྱག་རྒྱའི་མཐེབ་སྲིན་བར་ན་ཨུཏྤལའི་ཡུ་བ་འཛིན་པ་སྙན་ཐད་ཨུཏྤལའི་ཟེའུ་འབྲུའི་སྟེང་ན་གསེར་ཉ་བསྣམས་པ།  ^0-208
Y	651	46	3	45,	45,46  གསུམ་པ་སྦས་དོན་རྫོགས་རིམ་མཚན་བཅས་ནི། དེ་ཉིད་གསུམ་རྣམས་བཀོད་པ་ནི་ཁམས་དྲུག་ལྡན་གྱི་ལུས་འཛིན་ཅིང་ནམ་ཞིག་འཇིག་པའི་ཚེ། ཆོས་ཉིད་བར་དོའི་སྐབས་ཕྲ་བའི་སྣང་བ་སྤྱི་བོ་ནས་ཕ་ལས་ཐོབ་པའི་ཐིག་ལེ་དཀར་པོ་རོ་མ་བརྒྱུད་སྙིང་གར་མར་ཐིམ་པས་དཀར་ལམ་ཟླ་བ་ཤར་བ་ལྟ་བུའི་སྣང་བ་དང་། ལྟེ་འོག་ནས་མ་ལས་ཐོབ་པའི་ཐིག་ལེ་དམར་པོ་རྐྱང་མ་བརྒྱུད་སྙིང་གར་ཡར་ཐིམ་དམར་ལམ་མེ་ལྕེ་མཆེད་པ་ལྟ་བུ་དང་། ཁམས་དཀར་དམར་གཉིས་འདྲེས་པའི་ནང་དུ་རྣམ་ཤེས་བརྒྱལ་བས་མཁའ་ལ་སྲོད་མུན་འཁྲིགས་པ་ལྟ་བུ་ཐོབ་པའི་སྣང་བ་གསུམ་ནི་དེ་ཉིད་བཀོད་པའོ།  ^0-210
Y	657	46	3	45,	45,46 བཞི་པ་མཐར་ཐུག་མཚན་མེད་རྫོགས་རིམ་ནི། དེ་ཉིད་གསུམ་ནི་རྒྱུ་མཚན་མ་མེད་པ་དང་། འབྲས་བུ་སྨོན་པ་མེད་པ་དང་། ངོ་བོ་སྟོང་པ་ཉིད་རིག་པ་རང་བྱུང་ཀ་དག་སྤྲོས་བྲལ་ཟང་ཐལ་ངོ་བོ་འདས་རྣམ་ཐར་སྒོ་གསུམ་གྱི་ཡིན། དེ་སོ་སོ་རང་རིག་ཡེ་ཤེས་ངོ་བོ་སྟོང་པ་ཆོས་དང་། རང་བཞིན་གསལ་བ་ལོངས་སྐུ། ཐུགས་རྗེ་འགགས་མེད་སྤྲུལ་སྐུ་སྟེ་རང་རིག་གདོད་ནས་སྐུ་གསུམ་ངོ་བོ་ཡིན་པ། ངོ་ཤེས་ནས་ཇི་བཞིན་མ་བཅོས་པའི་ངང་ལ་ཀློད་ཅིང་བཀོད་པས་ནི་སྐལ་ལྡན་གདུལ་བྱ་རྣམས་ནི་ཚེ་གཅིག་ལུས་གཅིག་གིས་གདོད་མའི་རྒྱལ་སར་འགོད་ཅིང་གཞན་དོན་ཀྱང་ཕྲིན་ལས་ལྷུན་གྲུབ་ཀྱིས་དེ་ལ་བཀོད་པའོ། ^0-212
Y	659	46	4	45,	 45,46  ཞི་བ་མཐུ་དང་ལྡན་མ་ནི། གཟུང་འཛིན་སྒྲིབ་གཉིས་ཀྱི་འཁྲུལ་སྣང་རྣམས་རང་གྲོལ་རྗེས་ཞིག་ཆེན་པོར་འཁྱག་རོམ་ཆུར་ཐིམ་ལྟར་ཞི་བའོ། དེའང་། གདོན་ནི་སྡུག་བསྔལ། རོ་ལངས་ནི་ལས་དང་། གནོད་སྦྱིན་ནི་ཉོན་མོངས་ཏེ། དེ་རྣམས་ཀྱི་མཚན་མའི་རྣམ་པར་རྟོག་པ་ཐམས་ཅད། ཏུ་རེ་མྱུར་བ། རབ་མཆོག་ཉིད་མ་ནི། གནས་ལུགས་རང་བཞིན་རྫོགས་པ་ཆེན་པོ་ནངས་རྟོགས་ན་ནངས་སངས་རྒྱས། ནུབ་རྟོགས་ན་ནུབ་སངས་རྒྱས། སྐལ་ལྡན་དབང་རྣོན་རྣམས་སྒོམ་མི་དགོས་པ་རྟོགས་གྲོལ་འཚང་རྒྱ་བ་ཏུ་རེ་དང་རབ་མཆོག་གོ། ཞེས་སོ།  ^0-213
Y	709	༡༩༩༧	3640	ཕྱི་	༄༅།།         ༡ སྟོན་པ་ཐུབ་དབང་རྣམ་པར་སྣང་མཛད་བཞེངས། འཇིག་རྟེན་མཚན་མའི་འོག་མིན་ཞིང་ཁམས་སུ། གསང་སྔགས་རྡོ་རྗེ་ཐེག་པའི་ཟབ་རྒྱས་ཆོས། དུས་གསུམ་ལས་འདས་རྟག་ཏུ་ཆོས་འཁོར་བསྐོར། ༢ ཕྱི་རྒྱུད་སྒྲོལ་མ་རལ་པ་གྱེན་བརྫེས་དང་། ནང་རྒྱུད་པདྨ་གསུང་གི་རྟ་མགྲིན་སོགས། སྟོན་པ་ཀུན་བཟང་རྡོར་འཆང་རིགས་ལྔ་ཡིས། ཕྱི་ནང་སྒྲོལ་མའི་རྒྱུད་སྡེ་རྒྱ་མཚོ་གསུངས། ༣ སྟོན་མཆོག་ཐུབ་དབང་ཞིར་གཟིམས་ཚུལ་བསྟན་ནས། རི་བོ་མ་ལ་ཡ་རྩེར་དྲ་མ་ལྔས། གདུང་ཚིག་ཉེར་གསུམ་བོས་བསྐུལ་གསང་བདག་བྱོན། བླ་མེད་རྒྱུད་སྡེ་རྒྱལ་པོ་ཛཿར་བཀའ་བབས། དེ་རྒྱུན་སྲས་མོ་གོ་མ་དེ་བི་དང་། དགེ་སློང་ཀུན་དགའ་མོ་དང་ཀླུ་སྒྲུབ་ལས། འཕགས་མ་སྒྲོལ་མའི་ཕྱི་ནང་གསང་སྐོར་རྣམས། རྒྱལ་དབང་པདྨ་ཉིད་ལའང་བཀའ་བབས་གྱུར། ༥ རྒྱལ་བ་ལུང་བསྟན་གངས་ལྗོངས་བོད་ཡུལ་དུ། ཆོས་རྒྱལ་ཆེན་པོ་མྱེས་དབོན་རྣམ་གསུམ་དང་། མཁན་སློབ་ཆོས་གསུམ་རྣམས་ཀྱི་བཀའ་དྲིན་ལས། རྡོ་རྗེ་ཐེག་པའི་ཟབ་དོན་ཐང་མར་བརྡལ། ཁྱད་པར་སངས་རྒྱས་པདྨ་སཾ་བྷ་ཝས། སྒྲོལ་མའི་ཕྱི་ནང་གསང་བ་ཡང་གསང་སྐོར། རྗེ་འབངས་ཉེར་ལྔ་ཁྱད་པར་མཁར་ཆེན་བཟར། མནོག་ཆོས་སྩལ་རྣམས་མཁའ་འགྲོས་གཏེར་དུ་སྦས། ༧ དུས་གསུམ་མཁྱེན་པ་གུ་རུ་ཡབ་ཡུམ་གྱིས། ལུང་བསྟན་ཇི་བཞིན་སྒྲོལ་མའི་གཏེར་ཆོས་། སྤྲུལ་པའི་གཏེར་སྟོན་རྣམས་ཀྱིས་གཏེར་ནས་བཏོན། བོད་ཡུལ་བསྟན་འགྲོའི་བདེ་སྐྱིད་རྟག་འཆར་མཛད། ༨ རྗེ་བཙུན་འཕགས་མས་ཞལ་གཟིགས་རྗེས་བཟུང་བའི། ཁ་ཆེའི་སློབ་དཔོན་ཆེན་པོ་ཉི་མ་སྦས། རྡོ་རྗེ་རྟ་མཆོག་རོལ་པའི་རྒྱུད་ཆེན་ལས། བླ་མེད་ནང་རྒྱུད་འོད་སྟོང་ལྡན་ བསྔགས་ཤར། ༩ འགྲན་བྲལ་ཚུལ་ཁྲིམས་ཕུང་པོའི་རྒྱན་རྫོགས་པ། མ་བྱོན་སངས་རྒྱས་བདུན་པ་མཁས་གྲུབ་ཆེ། ཁ་ཆེ་པཎ་ཆེན་ཤཱཀྱ་ཤྲཱི་ཡིས། བོད་དུ་སྒྲོལ་མའི་གདམས་བཅུད་ཅིར་ཡང་སྤེལ། ༡༠ ལྷ་གཅིག་པཎ་ཆེན་དཔལ་ལྡན་ཇོ་བོ་རྗེས། རྗེ་བཙུན་སྒྲོལ་མའི་རྒྱུད་དང་མན་ངག་དང་། བྱིན་བརླབས་བདུད་རྩིའི་རྒྱུན་བཟང་འོད་དཀར་ཅན། གངས་ལྗོངས་སྐྱེ་དགུའི་མཁར་ཤར་རྨོངས་ཚད་བསལ། ༡༡ དེ་ལྟར་འདྲེན་མཆོག་ཟས་གཙང་སྲས་ཡི། གསུང་བཅུད་གསང་ཆེན་སྒྲོལ་མའི་ཆོས་སྐོར་རྣམས། འཕགས་ཡུལ་མཁས་གྲུབ་གདམས་ཟབ་ཡོངས་རྫོགས་ཀུན། མདོར་ན་བོད་ལྗོངས་བསོད་ནམས་སྐལ་པར་བབས། ༡༢ གཞུང་འདིར་ཚིག་འགྲེལ་འདབས་བརྒྱ་ཡོངས་སུ་བཞད། སྤྱི་དོན་མ་ཧཱའི་བསྐྱེད་རིམ་ཟེའུ་ཕྲེང་ངོམས། སྦས་དོན་ཨ་ནུའི་རྩ་རླུང་ཐིག་བསུང་འཐུལ། མཐར་ཐུག་རྫོགས་ཆེན་སྦྲང་རྩི་ཕྱོགས་བརྒྱར་འགྱེད། ༡༣ པུར་རྒྱལ་བོད་འདི་སྤྱན་རས་གཟིགས་དབང་དང་། རྗེ་བཙུན་སྒྲོལ་མས་བདག་གིར་བཟུང་གནས་ཕྱིར། ཕོ་མོ་སྐྱ་སེར་མཁས་བླུན་བགྲེས་གཞོན་རྣམས། ཡི་དམ་སྤྱན་གཟིགས་སྒྲོལ་མ་པད་འབྱུང་ཡིན། ༡༤ དེ་ཕྱིར་འཕགས་མའི་བསྟོད་པ་ཉེར་གཅིག་འདིར། རང་བློས་གང་དཔོགས་འགྲེལ་པ་བྲིས་པ་ལ། མ་རྟོགས་ལོག་རྟོག་ཐེ་ཚོམ་ཟློས་བཤད་སོགས། གཟུར་གནས་མཁས་གྲུབ་རྣམས་ཀྱི་མདུན་དུ་འཆགས། ༡༥ འདིར་འབད་རབ་དགེ་ཉིན་བྱེད་གཞོན་ནུའི་གཟིས། འཕགས་མའི་བྱིན་བརླབས་འོད་སྟོང་དང་འགྲོགས་ཏེ། སྐྱེ་དགུར་བྱམས་བརྩེའི་སེམས་རྒྱས་འཇིགས་རྒུད་ཞི། རྒྱལ་བསྟན་ལུང་རྟོགས་པད་ཚལ་རྟག་རྒྱས་སྨོན། ༡༦ དེང་ནས་བདག་ཀྱང་ཚེ་རབས་ཐམས་ཅད་ དུ། རླབས་ཆེན་རྒྱལ་སྲས་སྤྱོད་པ་ཆེར་བཟུང་སྟེ། མཁའ་ཁྱབ་འགྲོ་ལ་ཕན་བདེའི་དཔལ་སྦྱིན་བཞིན། ཡུམ་ཆེན་ཤེར་ཕྱིན་གོ་འཕང་མྱུར་ཐོབ་ཤོག ༡༧ ཞེས་རྗེ་བཙུན་འཕགས་མ་སྒྲོལ་མའི་རྩ་བའི་རྒྱུད་ཀྱི་བསྟོད་ཉི་ཤུ་རྩ་གཅིག་ཕན་ཡོན་དང་བཅས་པའི་ཚིག་དང་དོན་གྱི་རྣམ་པར་འགྲེལ་པ་དད་བརྩོན་བྱང་ཆུབ་སེམས་མཆོག་གི་པདྨོ་གཞོན་ནུ་ཁ་འབྱེད་པའི་ཐབས་ཤེས་ཉི་ཟླའི་འཛུམ་རླབས་ཞེས་བྱ་བ་འདི་ནི། བོད་གངས་ཅན་ལྗོངས་ལ། སྟོད་མངའ་རིས་སྐོར་གསུམ། བར་དབུས་གཙང་རུ་བཞི། སྨད་མདོ་ཁམས་ཆུ་བཞི་སྒང་དྲུག་ཞེས་གྲགས་པ་ལས། སྨད་མདོ་ཁམས་ཆུ་བཞི་སྒང་དྲུག་གི་ཡ་གྱལ་ལས། དངུལ་ཟླ་ཟལ་མོ་སྒང་གི་ཆར། ཡོན་ཏན་གྱི་གནས་མཆོག་ཇོ་བོ་གཟེ་རྒྱལ་གྱི་འདབས། སྤུ་རོང་ཞེས་པའི་ནང་ཚན་འཕགས་པ་སྤྱན་རས་གཟིགས་དང་། རྗེ་བཙུན་སྒྲོལ་མའི་སྐུ་གསུང་རང་བྱོན་གནས། རྒྱུས་ལུང་ཕུ་བྱ་རྒོད་སུམ་མདོ་ཉེ་བའི་དུར་ཁྲོད་ཨུ་ཙ་ལའི་ཞིང་། དབང་ཆེན་རྟ་མགྲིན་དང་། རྒྱལ་ཡུམ་རྡོ་རྗེ་ཕག་མོའི་དཀྱིལ་འཁོར་གྱི་དབུས་སུ་ལྟེ་བ་བཅད་པ། རྨ་དཔང་རིགས་རུས་དྲི་མ་མེད་པ་ལས་སྐྱེས་པའི་རྙིང་མཁན་མིང་འཛིན་དཔལ་ལྡན་ཤེས་རབ་ཀྱིས། སྟོབས་ལྡན་ཨ་མི་རི་ཀའི་ལྷོ་ཕྱོགས། ཕི་རི་དའི་ཞིང་ཆེན་ནང་། ནུབ་ཕྱོགས་ཏཱ་ལའི་ཕྲེང་བས་དཀྲིགས་པ་ཞེས་པའི་རྒྱ་མཚོ་འགྲམ་གྱི་སྐྱིད་ཚལ། སངས་རྒྱས་པདྨ་སཾ་བྷ་ཝའི་ཆོས་ཚོགས། མནྡཱ་ར་ཝའི་གཙུག་ལག་ཁང་དུ། བོད་རྒྱལ་ལོ་ཉིས་སྟོང་གཅིག་བརྒྱ་ཉེར་གསུམ་དང་། རབ་ལོ་བཅུ་བདུན་པ་ལེགས་སྦྱར་སྐད་དྷི་ཏ། བོད་སྐད་དུ་འཛིན་བྱེད་ཅེས་པ་མེ་ཕོ་བྱི་བའི་ལོ། འབྱུང་བ་གསུམ་ལྡན། བོད་ཟླ་བ་བཅུ་གཉིས་པའི། ཚེས་ཉེར་དྲུག ཕྱི་༡༩༩༧ ཟླ་༡ཚེས་༡༨ ལ། རྗེ་བཙུན་སྒྲོལ་མའི་ཕྱག་འཚལ་བསྟོད་པ་ཉི་ཤུ་རྩ་གཅིག་འདི་ཉིད་ཨ་རིའི་རང་འདུས་མང་ལ་དགུན་ཆོས་འཆད་སྐབས་ཐུན་གསེང་རྣམས་སུ་བྲིས་པ་ལས། སླར་ཡང་ནེའུ་ཡོར་ཀའི་དཔལ་ལྡན་པདྨ་བསམ་ཡས་གླིང་དུ་སྐྱར་ཞུས་དང་བཅས་ཏེ་དད་ལྡན་མཛེས་མ་ཨ་ན་ནས་ཡིད་འཕྲུལ་རྫས་སྤར་བཏབ་སྟེ། བྲིས་པའི་དགེ་བས་རྒྱལ་བསྟན་རིན་པོ་ཆེ་གསང་ཆེན་ཐེག་པ་རིམ་དགུའི་དམ་པའི་ཆོས་ལུང་རྟོགས་ཀྱི་བསྟན་པ་རིན་པོ་ཆེ་ཕྱོགས་དུས་ཀུན་ཏུ་རྒྱས་པའི་རྒྱུར་གྱུར་ཅིག དགེའོ། དགེའོ། དགེའོ། ^0-227
Y	709	༡	3648	ཟླ་	༄༅།།         ༡ སྟོན་པ་ཐུབ་དབང་རྣམ་པར་སྣང་མཛད་བཞེངས། འཇིག་རྟེན་མཚན་མའི་འོག་མིན་ཞིང་ཁམས་སུ། གསང་སྔགས་རྡོ་རྗེ་ཐེག་པའི་ཟབ་རྒྱས་ཆོས། དུས་གསུམ་ལས་འདས་རྟག་ཏུ་ཆོས་འཁོར་བསྐོར། ༢ ཕྱི་རྒྱུད་སྒྲོལ་མ་རལ་པ་གྱེན་བརྫེས་དང་། ནང་རྒྱུད་པདྨ་གསུང་གི་རྟ་མགྲིན་སོགས། སྟོན་པ་ཀུན་བཟང་རྡོར་འཆང་རིགས་ལྔ་ཡིས། ཕྱི་ནང་སྒྲོལ་མའི་རྒྱུད་སྡེ་རྒྱ་མཚོ་གསུངས། ༣ སྟོན་མཆོག་ཐུབ་དབང་ཞིར་གཟིམས་ཚུལ་བསྟན་ནས། རི་བོ་མ་ལ་ཡ་རྩེར་དྲ་མ་ལྔས། གདུང་ཚིག་ཉེར་གསུམ་བོས་བསྐུལ་གསང་བདག་བྱོན། བླ་མེད་རྒྱུད་སྡེ་རྒྱལ་པོ་ཛཿར་བཀའ་བབས། དེ་རྒྱུན་སྲས་མོ་གོ་མ་དེ་བི་དང་། དགེ་སློང་ཀུན་དགའ་མོ་དང་ཀླུ་སྒྲུབ་ལས། འཕགས་མ་སྒྲོལ་མའི་ཕྱི་ནང་གསང་སྐོར་རྣམས། རྒྱལ་དབང་པདྨ་ཉིད་ལའང་བཀའ་བབས་གྱུར། ༥ རྒྱལ་བ་ལུང་བསྟན་གངས་ལྗོངས་བོད་ཡུལ་དུ། ཆོས་རྒྱལ་ཆེན་པོ་མྱེས་དབོན་རྣམ་གསུམ་དང་། མཁན་སློབ་ཆོས་གསུམ་རྣམས་ཀྱི་བཀའ་དྲིན་ལས། རྡོ་རྗེ་ཐེག་པའི་ཟབ་དོན་ཐང་མར་བརྡལ། ཁྱད་པར་སངས་རྒྱས་པདྨ་སཾ་བྷ་ཝས། སྒྲོལ་མའི་ཕྱི་ནང་གསང་བ་ཡང་གསང་སྐོར། རྗེ་འབངས་ཉེར་ལྔ་ཁྱད་པར་མཁར་ཆེན་བཟར། མནོག་ཆོས་སྩལ་རྣམས་མཁའ་འགྲོས་གཏེར་དུ་སྦས། ༧ དུས་གསུམ་མཁྱེན་པ་གུ་རུ་ཡབ་ཡུམ་གྱིས། ལུང་བསྟན་ཇི་བཞིན་སྒྲོལ་མའི་གཏེར་ཆོས་། སྤྲུལ་པའི་གཏེར་སྟོན་རྣམས་ཀྱིས་གཏེར་ནས་བཏོན། བོད་ཡུལ་བསྟན་འགྲོའི་བདེ་སྐྱིད་རྟག་འཆར་མཛད། ༨ རྗེ་བཙུན་འཕགས་མས་ཞལ་གཟིགས་རྗེས་བཟུང་བའི། ཁ་ཆེའི་སློབ་དཔོན་ཆེན་པོ་ཉི་མ་སྦས། རྡོ་རྗེ་རྟ་མཆོག་རོལ་པའི་རྒྱུད་ཆེན་ལས། བླ་མེད་ནང་རྒྱུད་འོད་སྟོང་ལྡན་ བསྔགས་ཤར། ༩ འགྲན་བྲལ་ཚུལ་ཁྲིམས་ཕུང་པོའི་རྒྱན་རྫོགས་པ། མ་བྱོན་སངས་རྒྱས་བདུན་པ་མཁས་གྲུབ་ཆེ། ཁ་ཆེ་པཎ་ཆེན་ཤཱཀྱ་ཤྲཱི་ཡིས། བོད་དུ་སྒྲོལ་མའི་གདམས་བཅུད་ཅིར་ཡང་སྤེལ། ༡༠ ལྷ་གཅིག་པཎ་ཆེན་དཔལ་ལྡན་ཇོ་བོ་རྗེས། རྗེ་བཙུན་སྒྲོལ་མའི་རྒྱུད་དང་མན་ངག་དང་། བྱིན་བརླབས་བདུད་རྩིའི་རྒྱུན་བཟང་འོད་དཀར་ཅན། གངས་ལྗོངས་སྐྱེ་དགུའི་མཁར་ཤར་རྨོངས་ཚད་བསལ། ༡༡ དེ་ལྟར་འདྲེན་མཆོག་ཟས་གཙང་སྲས་ཡི། གསུང་བཅུད་གསང་ཆེན་སྒྲོལ་མའི་ཆོས་སྐོར་རྣམས། འཕགས་ཡུལ་མཁས་གྲུབ་གདམས་ཟབ་ཡོངས་རྫོགས་ཀུན། མདོར་ན་བོད་ལྗོངས་བསོད་ནམས་སྐལ་པར་བབས། ༡༢ གཞུང་འདིར་ཚིག་འགྲེལ་འདབས་བརྒྱ་ཡོངས་སུ་བཞད། སྤྱི་དོན་མ་ཧཱའི་བསྐྱེད་རིམ་ཟེའུ་ཕྲེང་ངོམས། སྦས་དོན་ཨ་ནུའི་རྩ་རླུང་ཐིག་བསུང་འཐུལ། མཐར་ཐུག་རྫོགས་ཆེན་སྦྲང་རྩི་ཕྱོགས་བརྒྱར་འགྱེད། ༡༣ པུར་རྒྱལ་བོད་འདི་སྤྱན་རས་གཟིགས་དབང་དང་། རྗེ་བཙུན་སྒྲོལ་མས་བདག་གིར་བཟུང་གནས་ཕྱིར། ཕོ་མོ་སྐྱ་སེར་མཁས་བླུན་བགྲེས་གཞོན་རྣམས། ཡི་དམ་སྤྱན་གཟིགས་སྒྲོལ་མ་པད་འབྱུང་ཡིན། ༡༤ དེ་ཕྱིར་འཕགས་མའི་བསྟོད་པ་ཉེར་གཅིག་འདིར། རང་བློས་གང་དཔོགས་འགྲེལ་པ་བྲིས་པ་ལ། མ་རྟོགས་ལོག་རྟོག་ཐེ་ཚོམ་ཟློས་བཤད་སོགས། གཟུར་གནས་མཁས་གྲུབ་རྣམས་ཀྱི་མདུན་དུ་འཆགས། ༡༥ འདིར་འབད་རབ་དགེ་ཉིན་བྱེད་གཞོན་ནུའི་གཟིས། འཕགས་མའི་བྱིན་བརླབས་འོད་སྟོང་དང་འགྲོགས་ཏེ། སྐྱེ་དགུར་བྱམས་བརྩེའི་སེམས་རྒྱས་འཇིགས་རྒུད་ཞི། རྒྱལ་བསྟན་ལུང་རྟོགས་པད་ཚལ་རྟག་རྒྱས་སྨོན། ༡༦ དེང་ནས་བདག་ཀྱང་ཚེ་རབས་ཐམས་ཅད་ དུ། རླབས་ཆེན་རྒྱལ་སྲས་སྤྱོད་པ་ཆེར་བཟུང་སྟེ། མཁའ་ཁྱབ་འགྲོ་ལ་ཕན་བདེའི་དཔལ་སྦྱིན་བཞིན། ཡུམ་ཆེན་ཤེར་ཕྱིན་གོ་འཕང་མྱུར་ཐོབ་ཤོག ༡༧ ཞེས་རྗེ་བཙུན་འཕགས་མ་སྒྲོལ་མའི་རྩ་བའི་རྒྱུད་ཀྱི་བསྟོད་ཉི་ཤུ་རྩ་གཅིག་ཕན་ཡོན་དང་བཅས་པའི་ཚིག་དང་དོན་གྱི་རྣམ་པར་འགྲེལ་པ་དད་བརྩོན་བྱང་ཆུབ་སེམས་མཆོག་གི་པདྨོ་གཞོན་ནུ་ཁ་འབྱེད་པའི་ཐབས་ཤེས་ཉི་ཟླའི་འཛུམ་རླབས་ཞེས་བྱ་བ་འདི་ནི། བོད་གངས་ཅན་ལྗོངས་ལ། སྟོད་མངའ་རིས་སྐོར་གསུམ། བར་དབུས་གཙང་རུ་བཞི། སྨད་མདོ་ཁམས་ཆུ་བཞི་སྒང་དྲུག་ཞེས་གྲགས་པ་ལས། སྨད་མདོ་ཁམས་ཆུ་བཞི་སྒང་དྲུག་གི་ཡ་གྱལ་ལས། དངུལ་ཟླ་ཟལ་མོ་སྒང་གི་ཆར། ཡོན་ཏན་གྱི་གནས་མཆོག་ཇོ་བོ་གཟེ་རྒྱལ་གྱི་འདབས། སྤུ་རོང་ཞེས་པའི་ནང་ཚན་འཕགས་པ་སྤྱན་རས་གཟིགས་དང་། རྗེ་བཙུན་སྒྲོལ་མའི་སྐུ་གསུང་རང་བྱོན་གནས། རྒྱུས་ལུང་ཕུ་བྱ་རྒོད་སུམ་མདོ་ཉེ་བའི་དུར་ཁྲོད་ཨུ་ཙ་ལའི་ཞིང་། དབང་ཆེན་རྟ་མགྲིན་དང་། རྒྱལ་ཡུམ་རྡོ་རྗེ་ཕག་མོའི་དཀྱིལ་འཁོར་གྱི་དབུས་སུ་ལྟེ་བ་བཅད་པ། རྨ་དཔང་རིགས་རུས་དྲི་མ་མེད་པ་ལས་སྐྱེས་པའི་རྙིང་མཁན་མིང་འཛིན་དཔལ་ལྡན་ཤེས་རབ་ཀྱིས། སྟོབས་ལྡན་ཨ་མི་རི་ཀའི་ལྷོ་ཕྱོགས། ཕི་རི་དའི་ཞིང་ཆེན་ནང་། ནུབ་ཕྱོགས་ཏཱ་ལའི་ཕྲེང་བས་དཀྲིགས་པ་ཞེས་པའི་རྒྱ་མཚོ་འགྲམ་གྱི་སྐྱིད་ཚལ། སངས་རྒྱས་པདྨ་སཾ་བྷ་ཝའི་ཆོས་ཚོགས། མནྡཱ་ར་ཝའི་གཙུག་ལག་ཁང་དུ། བོད་རྒྱལ་ལོ་ཉིས་སྟོང་གཅིག་བརྒྱ་ཉེར་གསུམ་དང་། རབ་ལོ་བཅུ་བདུན་པ་ལེགས་སྦྱར་སྐད་དྷི་ཏ། བོད་སྐད་དུ་འཛིན་བྱེད་ཅེས་པ་མེ་ཕོ་བྱི་བའི་ལོ། འབྱུང་བ་གསུམ་ལྡན། བོད་ཟླ་བ་བཅུ་གཉིས་པའི། ཚེས་ཉེར་དྲུག ཕྱི་༡༩༩༧ ཟླ་༡ཚེས་༡༨ ལ། རྗེ་བཙུན་སྒྲོལ་མའི་ཕྱག་འཚལ་བསྟོད་པ་ཉི་ཤུ་རྩ་གཅིག་འདི་ཉིད་ཨ་རིའི་རང་འདུས་མང་ལ་དགུན་ཆོས་འཆད་སྐབས་ཐུན་གསེང་རྣམས་སུ་བྲིས་པ་ལས། སླར་ཡང་ནེའུ་ཡོར་ཀའི་དཔལ་ལྡན་པདྨ་བསམ་ཡས་གླིང་དུ་སྐྱར་ཞུས་དང་བཅས་ཏེ་དད་ལྡན་མཛེས་མ་ཨ་ན་ནས་ཡིད་འཕྲུལ་རྫས་སྤར་བཏབ་སྟེ། བྲིས་པའི་དགེ་བས་རྒྱལ་བསྟན་རིན་པོ་ཆེ་གསང་ཆེན་ཐེག་པ་རིམ་དགུའི་དམ་པའི་ཆོས་ལུང་རྟོགས་ཀྱི་བསྟན་པ་རིན་པོ་ཆེ་ཕྱོགས་དུས་ཀུན་ཏུ་རྒྱས་པའི་རྒྱུར་གྱུར་ཅིག དགེའོ། དགེའོ། དགེའོ། ^0-227
Y	709	༡༨	3653	ཟླ་༡ཚེས་	༄༅།།         ༡ སྟོན་པ་ཐུབ་དབང་རྣམ་པར་སྣང་མཛད་བཞེངས། འཇིག་རྟེན་མཚན་མའི་འོག་མིན་ཞིང་ཁམས་སུ། གསང་སྔགས་རྡོ་རྗེ་ཐེག་པའི་ཟབ་རྒྱས་ཆོས། དུས་གསུམ་ལས་འདས་རྟག་ཏུ་ཆོས་འཁོར་བསྐོར། ༢ ཕྱི་རྒྱུད་སྒྲོལ་མ་རལ་པ་གྱེན་བརྫེས་དང་། ནང་རྒྱུད་པདྨ་གསུང་གི་རྟ་མགྲིན་སོགས། སྟོན་པ་ཀུན་བཟང་རྡོར་འཆང་རིགས་ལྔ་ཡིས། ཕྱི་ནང་སྒྲོལ་མའི་རྒྱུད་སྡེ་རྒྱ་མཚོ་གསུངས། ༣ སྟོན་མཆོག་ཐུབ་དབང་ཞིར་གཟིམས་ཚུལ་བསྟན་ནས། རི་བོ་མ་ལ་ཡ་རྩེར་དྲ་མ་ལྔས། གདུང་ཚིག་ཉེར་གསུམ་བོས་བསྐུལ་གསང་བདག་བྱོན། བླ་མེད་རྒྱུད་སྡེ་རྒྱལ་པོ་ཛཿར་བཀའ་བབས། དེ་རྒྱུན་སྲས་མོ་གོ་མ་དེ་བི་དང་། དགེ་སློང་ཀུན་དགའ་མོ་དང་ཀླུ་སྒྲུབ་ལས། འཕགས་མ་སྒྲོལ་མའི་ཕྱི་ནང་གསང་སྐོར་རྣམས། རྒྱལ་དབང་པདྨ་ཉིད་ལའང་བཀའ་བབས་གྱུར། ༥ རྒྱལ་བ་ལུང་བསྟན་གངས་ལྗོངས་བོད་ཡུལ་དུ། ཆོས་རྒྱལ་ཆེན་པོ་མྱེས་དབོན་རྣམ་གསུམ་དང་། མཁན་སློབ་ཆོས་གསུམ་རྣམས་ཀྱི་བཀའ་དྲིན་ལས། རྡོ་རྗེ་ཐེག་པའི་ཟབ་དོན་ཐང་མར་བརྡལ། ཁྱད་པར་སངས་རྒྱས་པདྨ་སཾ་བྷ་ཝས། སྒྲོལ་མའི་ཕྱི་ནང་གསང་བ་ཡང་གསང་སྐོར། རྗེ་འབངས་ཉེར་ལྔ་ཁྱད་པར་མཁར་ཆེན་བཟར། མནོག་ཆོས་སྩལ་རྣམས་མཁའ་འགྲོས་གཏེར་དུ་སྦས། ༧ དུས་གསུམ་མཁྱེན་པ་གུ་རུ་ཡབ་ཡུམ་གྱིས། ལུང་བསྟན་ཇི་བཞིན་སྒྲོལ་མའི་གཏེར་ཆོས་། སྤྲུལ་པའི་གཏེར་སྟོན་རྣམས་ཀྱིས་གཏེར་ནས་བཏོན། བོད་ཡུལ་བསྟན་འགྲོའི་བདེ་སྐྱིད་རྟག་འཆར་མཛད། ༨ རྗེ་བཙུན་འཕགས་མས་ཞལ་གཟིགས་རྗེས་བཟུང་བའི། ཁ་ཆེའི་སློབ་དཔོན་ཆེན་པོ་ཉི་མ་སྦས། རྡོ་རྗེ་རྟ་མཆོག་རོལ་པའི་རྒྱུད་ཆེན་ལས། བླ་མེད་ནང་རྒྱུད་འོད་སྟོང་ལྡན་ བསྔགས་ཤར། ༩ འགྲན་བྲལ་ཚུལ་ཁྲིམས་ཕུང་པོའི་རྒྱན་རྫོགས་པ། མ་བྱོན་སངས་རྒྱས་བདུན་པ་མཁས་གྲུབ་ཆེ། ཁ་ཆེ་པཎ་ཆེན་ཤཱཀྱ་ཤྲཱི་ཡིས། བོད་དུ་སྒྲོལ་མའི་གདམས་བཅུད་ཅིར་ཡང་སྤེལ། ༡༠ ལྷ་གཅིག་པཎ་ཆེན་དཔལ་ལྡན་ཇོ་བོ་རྗེས། རྗེ་བཙུན་སྒྲོལ་མའི་རྒྱུད་དང་མན་ངག་དང་། བྱིན་བརླབས་བདུད་རྩིའི་རྒྱུན་བཟང་འོད་དཀར་ཅན། གངས་ལྗོངས་སྐྱེ་དགུའི་མཁར་ཤར་རྨོངས་ཚད་བསལ། ༡༡ དེ་ལྟར་འདྲེན་མཆོག་ཟས་གཙང་སྲས་ཡི། གསུང་བཅུད་གསང་ཆེན་སྒྲོལ་མའི་ཆོས་སྐོར་རྣམས། འཕགས་ཡུལ་མཁས་གྲུབ་གདམས་ཟབ་ཡོངས་རྫོགས་ཀུན། མདོར་ན་བོད་ལྗོངས་བསོད་ནམས་སྐལ་པར་བབས། ༡༢ གཞུང་འདིར་ཚིག་འགྲེལ་འདབས་བརྒྱ་ཡོངས་སུ་བཞད། སྤྱི་དོན་མ་ཧཱའི་བསྐྱེད་རིམ་ཟེའུ་ཕྲེང་ངོམས། སྦས་དོན་ཨ་ནུའི་རྩ་རླུང་ཐིག་བསུང་འཐུལ། མཐར་ཐུག་རྫོགས་ཆེན་སྦྲང་རྩི་ཕྱོགས་བརྒྱར་འགྱེད། ༡༣ པུར་རྒྱལ་བོད་འདི་སྤྱན་རས་གཟིགས་དབང་དང་། རྗེ་བཙུན་སྒྲོལ་མས་བདག་གིར་བཟུང་གནས་ཕྱིར། ཕོ་མོ་སྐྱ་སེར་མཁས་བླུན་བགྲེས་གཞོན་རྣམས། ཡི་དམ་སྤྱན་གཟིགས་སྒྲོལ་མ་པད་འབྱུང་ཡིན། ༡༤ དེ་ཕྱིར་འཕགས་མའི་བསྟོད་པ་ཉེར་གཅིག་འདིར། རང་བློས་གང་དཔོགས་འགྲེལ་པ་བྲིས་པ་ལ། མ་རྟོགས་ལོག་རྟོག་ཐེ་ཚོམ་ཟློས་བཤད་སོགས། གཟུར་གནས་མཁས་གྲུབ་རྣམས་ཀྱི་མདུན་དུ་འཆགས། ༡༥ འདིར་འབད་རབ་དགེ་ཉིན་བྱེད་གཞོན་ནུའི་གཟིས། འཕགས་མའི་བྱིན་བརླབས་འོད་སྟོང་དང་འགྲོགས་ཏེ། སྐྱེ་དགུར་བྱམས་བརྩེའི་སེམས་རྒྱས་འཇིགས་རྒུད་ཞི། རྒྱལ་བསྟན་ལུང་རྟོགས་པད་ཚལ་རྟག་རྒྱས་སྨོན། ༡༦ དེང་ནས་བདག་ཀྱང་ཚེ་རབས་ཐམས་ཅད་ དུ། རླབས་ཆེན་རྒྱལ་སྲས་སྤྱོད་པ་ཆེར་བཟུང་སྟེ། མཁའ་ཁྱབ་འགྲོ་ལ་ཕན་བདེའི་དཔལ་སྦྱིན་བཞིན། ཡུམ་ཆེན་ཤེར་ཕྱིན་གོ་འཕང་མྱུར་ཐོབ་ཤོག ༡༧ ཞེས་རྗེ་བཙུན་འཕགས་མ་སྒྲོལ་མའི་རྩ་བའི་རྒྱུད་ཀྱི་བསྟོད་ཉི་ཤུ་རྩ་གཅིག་ཕན་ཡོན་དང་བཅས་པའི་ཚིག་དང་དོན་གྱི་རྣམ་པར་འགྲེལ་པ་དད་བརྩོན་བྱང་ཆུབ་སེམས་མཆོག་གི་པདྨོ་གཞོན་ནུ་ཁ་འབྱེད་པའི་ཐབས་ཤེས་ཉི་ཟླའི་འཛུམ་རླབས་ཞེས་བྱ་བ་འདི་ནི། བོད་གངས་ཅན་ལྗོངས་ལ། སྟོད་མངའ་རིས་སྐོར་གསུམ། བར་དབུས་གཙང་རུ་བཞི། སྨད་མདོ་ཁམས་ཆུ་བཞི་སྒང་དྲུག་ཞེས་གྲགས་པ་ལས། སྨད་མདོ་ཁམས་ཆུ་བཞི་སྒང་དྲུག་གི་ཡ་གྱལ་ལས། དངུལ་ཟླ་ཟལ་མོ་སྒང་གི་ཆར། ཡོན་ཏན་གྱི་གནས་མཆོག་ཇོ་བོ་གཟེ་རྒྱལ་གྱི་འདབས། སྤུ་རོང་ཞེས་པའི་ནང་ཚན་འཕགས་པ་སྤྱན་རས་གཟིགས་དང་། རྗེ་བཙུན་སྒྲོལ་མའི་སྐུ་གསུང་རང་བྱོན་གནས། རྒྱུས་ལུང་ཕུ་བྱ་རྒོད་སུམ་མདོ་ཉེ་བའི་དུར་ཁྲོད་ཨུ་ཙ་ལའི་ཞིང་། དབང་ཆེན་རྟ་མགྲིན་དང་། རྒྱལ་ཡུམ་རྡོ་རྗེ་ཕག་མོའི་དཀྱིལ་འཁོར་གྱི་དབུས་སུ་ལྟེ་བ་བཅད་པ། རྨ་དཔང་རིགས་རུས་དྲི་མ་མེད་པ་ལས་སྐྱེས་པའི་རྙིང་མཁན་མིང་འཛིན་དཔལ་ལྡན་ཤེས་རབ་ཀྱིས། སྟོབས་ལྡན་ཨ་མི་རི་ཀའི་ལྷོ་ཕྱོགས། ཕི་རི་དའི་ཞིང་ཆེན་ནང་། ནུབ་ཕྱོགས་ཏཱ་ལའི་ཕྲེང་བས་དཀྲིགས་པ་ཞེས་པའི་རྒྱ་མཚོ་འགྲམ་གྱི་སྐྱིད་ཚལ། སངས་རྒྱས་པདྨ་སཾ་བྷ་ཝའི་ཆོས་ཚོགས། མནྡཱ་ར་ཝའི་གཙུག་ལག་ཁང་དུ། བོད་རྒྱལ་ལོ་ཉིས་སྟོང་གཅིག་བརྒྱ་ཉེར་གསུམ་དང་། རབ་ལོ་བཅུ་བདུན་པ་ལེགས་སྦྱར་སྐད་དྷི་ཏ། བོད་སྐད་དུ་འཛིན་བྱེད་ཅེས་པ་མེ་ཕོ་བྱི་བའི་ལོ། འབྱུང་བ་གསུམ་ལྡན། བོད་ཟླ་བ་བཅུ་གཉིས་པའི། ཚེས་ཉེར་དྲུག ཕྱི་༡༩༩༧ ཟླ་༡ཚེས་༡༨ ལ། རྗེ་བཙུན་སྒྲོལ་མའི་ཕྱག་འཚལ་བསྟོད་པ་ཉི་ཤུ་རྩ་གཅིག་འདི་ཉིད་ཨ་རིའི་རང་འདུས་མང་ལ་དགུན་ཆོས་འཆད་སྐབས་ཐུན་གསེང་རྣམས་སུ་བྲིས་པ་ལས། སླར་ཡང་ནེའུ་ཡོར་ཀའི་དཔལ་ལྡན་པདྨ་བསམ་ཡས་གླིང་དུ་སྐྱར་ཞུས་དང་བཅས་ཏེ་དད་ལྡན་མཛེས་མ་ཨ་ན་ནས་ཡིད་འཕྲུལ་རྫས་སྤར་བཏབ་སྟེ། བྲིས་པའི་དགེ་བས་རྒྱལ་བསྟན་རིན་པོ་ཆེ་གསང་ཆེན་ཐེག་པ་རིམ་དགུའི་དམ་པའི་ཆོས་ལུང་རྟོགས་ཀྱི་བསྟན་པ་རིན་པོ་ཆེ་ཕྱོགས་དུས་ཀུན་ཏུ་རྒྱས་པའི་རྒྱུར་གྱུར་ཅིག དགེའོ། དགེའོ། དགེའོ། ^0-227
