index	trigger	syllables	flag	preview
1	line-end	22		༄༅། །སྒྲོལ་མ་ཕྱག་འཚལ་ཉི་ཤུ་རྩ་གཅིག་གི་བསྟོད་པའི་རྣམ་བཤད་གསལ་བའི་འོད་ཟེར་ཞེས་བྱ་བ
2	line-end	4		༄༅། །ན་མོ་བུདྡྷ་ཡ།
3	terminal-particle	13		བསྟོད་པ་འདི་ལ་དོན་གཉིས་ཏེ། བསྟོད་པ་དངོས་དང་ཕན་ཡོན་ནོ། །
4	ordinal-open	28		དང་པོ་ལ་གསུམ་སྟེ། སྐུའི་རྣམ་པས་ལོངས་སྐུའི་སྒོ་ནས་བསྟོད་པ་དང་། ཆོས་སྐུའི་སྒོ་ནས་བ
5	ordinal-open	21		དང་པོ་ལ་གསུམ། མཚན་གྱི་སྒོ་ནས་ལོ་རྒྱུས་བསྟན་པ་དང་། སྐུའི་རྣམ་པ་དང་། རྒྱན་དང་ཆ་ལུག
6	terminal-particle	18		བར་མ་གཉིས་ལ། ཞི་བའི་སྐུའི་སྒོ་ནས་བསྟོད་པ་དང་། ཁྲོ་མོའི་སྐུའི་སྒོ་ནས་བསྟོད་པའོ། །
7	ordinal-open	31		དང་པོ་ལ་གསུམ།འོད་ཟེར་གྱི་སྒོ་ནས་དང་། ཕྱག་མཚན་དང་ཡིད་ཅན་གྱི་སྒོ་ནས་དང་། སངས་རྒྱས་
8	terminal-particle	31		ཁྲོ་མོའི་སྐུའི་སྒོ་ནས་བསྟོད་པ་ལ་གསུམ། མཐུའི་སྒོ་ནས་དང་། འཇིག་རྟེན་པའི་ཆེན་པོ་རྣམ
9	terminal-particle	17		དེ་ལ་གཉིས། ཐུན་མོང་གི་ཕྲིན་ལས་དང་། ཐུན་མོང་མ་ཡིན་པའི་སྒོ་ནས་བསྟོད་པའོ། །
10	terminal-particle	44		རྒྱན་དང་ཆ་ལུགས་ཀྱི་སྒོ་ནས་བསྟོད་པ་ལ་བཞི། ཞི་བའི་ཆ་ལུགས་ཀྱི་སྒོ་ནས་དང་། དྲག་པོའི་
11	ordinal-open	9		དང་པོ་ལ་གཉིས། ཕྱག་མཚན་དང་དབུ་རྒྱན་ནོ། །
12	terminal-particle	18		དྲག་པོའི་འོག་མ་ལ་གསུམ། འོད་ཟེར་དང་། བཞུགས་ཚུལ་དང་། ཕྱག་མཚན་གྱི་སྒོ་ནས་བསྟོད་པའོ།
13	terminal-particle	52		སྤྱི་དོན་གསུམ་པ་ཕྲིན་ལས་ཀྱི་སྒོ་ནས་བསྟོད་པ་ལ་དྲུག གསང་སྔགས་ཀྱི་སྒོ་ནས་དང་། དབང་ག
14	terminal-particle	37		སྤྱི་དོན་གཉིས་པ་ཕན་ཡོན་ལ་བཞི།བསམ་པའི་ཁྱད་པར་དང་། དུས་ཀྱི་ཁྱད་པར་དང་། ཕན་ཡོན་དངོས
15	line-end	9		དགེ་བསྙེན་གྲགས་པ་རྒྱལ་མཚན་གྱིས་སྦྱར་བའོ། །
16	line-end	12		ཨོ་རྗེ་བཙུན་མ་འཕགས་མ་སྒྲོལ་མ་ལ་ཕྱག་འཚལ་ལོ། །
17	line-end	6		ཕྱག་འཚལ་སྒྲོལ་མ་ནི་
18	line-end	25		འཁོར་བའི་དུ་ཁ་ལས་སྒྲོལ་མ། མྱུར་མ་ནི་སེམས་ཅན་གྱི་དོན་ལ་མྱུར་མ། དཔའ་མོ་ནི་ཉོན་མོངས
19	line-end	8		སྤྱན་ནི་སྐད་ཅིག་གློག་དང་འདྲ་མ། །
20	line-end	3		ཞེས་པ་ནི།
21	line-end	4		འོད་གསལ་བའི་དཔེའོ། །
22	line-end	8		འཇིག་རྟེན་གསུམ་མགོན་ཆུ་སྐྱེས་ཞལ་གྱི། །
23	line-end	3		ཞེས་པ་ནི།
24	line-end	9		འཇིག་རྟེན་གསུམ་གྱི་མགོན་པོ་སྤྱན་རས་གཟིགས།
25	line-end	7		ཆུ་སྐྱེས་ཞལ་གྱི་ཞེས་པ་ནི།
26	line-end	8		དེའི་སྤྱན་ཆབ་ལས་བྱུང་བའི། པད་མའམ་ཨུཏྤལ།
27	line-end	8		གེ་སར་བྱེ་བ་ལས་ནི་བྱུང་མ། །
28	line-end	3		ཞེས་པ་ནི།
29	line-end	9		པདྨ་ཁ་བྱེ་བ་ལས་སྒྲོལ་མ་བྱུང་བའོ། །
30	line-end	8		ཕྱག་འཚལ་སྟོན་ཀའི་ཟླ་བ་ཀུན་ཏུ། །
31	line-end	3		ཞེས་པ་ནི།
32	line-end	4		འོད་དཀར་བའི་དཔེའོ། །
33	line-end	3		གང་བ་
34	line-end	6		ནི་ཉ་གང་བ་ལྟ་བུའོ། །
35	line-end	6		བརྒྱ་ནི་བརྩེགས་པའི་ཞལ་མ། །
36	line-end	3		ཞེས་པ་ནི།
37	line-end	17		ཟླ་བ་ཉ་གང་བ་དེ་ཡང་བརྒྱ་ཕྲག་དུ་མ་སྤུངས་པ་ཙམ་གྱི་ཞལ་ལོ། །
38	line-end	8		སྐར་མ་སྟོང་ཕྲག་ཚོགས་པ་རྣམས་ཀྱིས། །
39	line-end	8		རབ་ཏུ་ཕྱེ་བའི་འོད་རབ་འབར་མ། །
40	line-end	3		ཞེས་པ་ནི།
41	line-end	11		དེ་གཉིས་འོད་ཟེར་དཔག་ཏུ་མེད་པ་འཕྲོ་བའི་དཔེའོ། །
42	line-end	6		ཕྱག་འཚལ་གསེར་སྔོ་ནི་
43	line-end	9		ཁ་དོག་གསེར་བཙོ་མའི་འོད་ལྟར་གསལ་བའོ། །
44	line-end	7		ཆུ་ནས་སྐྱེས་ཀྱི་ཞེས་པ་ནི།
45	line-end	4		ཕྱག་མཚན་པད་མའོ། །
46	line-end	7		པདྨས་ཕྱག་ནི་རྣམ་པར་བརྒྱན་མ། །
47	line-end	3		ཞེས་པ་ནི།
48	line-end	6		ཕྱག་གཡོན་ན་པདྨ་བསྣམས་པའོ། །
49	line-end	4		སྦྱིན་པ་ནི་
50	line-end	7		སྦྱིན་པའི་ཕ་རོལ་ཏུ་ཕྱིན་པའོ། །
51	line-end	4		བརྩོན་འགྲུས་ནི་
52	line-end	8		བརྩོན་འགྲུས་ཀྱི་ཕ་རོལ་ཏུ་ཕྱིན་པའོ། །
53	line-end	4		དཀའ་ཐུབ་ནི་
54	line-end	2		ཚུལ་ཁྲིམས།
55	line-end	4		ཞི་བ་ནི་
56	line-end	3		ཉོན་མོངས་པ།
57	line-end	4		བཟོད་པ་ནི་
58	line-end	7		བཟོད་པའི་ཕ་རོལ་ཏུ་ཕྱིན་པའོ། །
59	line-end	4		བསམ་གཏན་ནི་
60	line-end	8		བསམ་གཏན་གྱི་ཕ་རོལ་ཏུ་ཕྱིན་པའོ། །
61	line-end	6		སྤྱོད་ཡུལ་ཉིད་མ་ནི་
62	line-end	24		ཤེས་རབ་སྟེ། ཕ་རོལ་ཏུ་ཕྱིན་པ་དྲུག་པོ་དེ་སྤྱད་པ་ལས་སྒྲོལ་མའི་སྐུ་ཐོབ་སྟེ། དེ་མཚན་པ
63	line-end	8		ཕྱག་འཚལ་དེ་བཞིན་གཤེགས་པའི་གཙུག་ཏོར། །
64	line-end	3		ཅེས་པ་ནི།
65	line-end	12		དེ་བཞིན་གཤེགས་པ་ཐམས་ཅད་ཀྱི་དབུའི་གཙུག་ཏོར་ལྟ་བུའོ། །
66	line-end	8		མཐའ་ཡས་རྣམ་པར་རྒྱལ་བ་སྤྱོད་མ། །
67	line-end	3		ཞེས་པ་ནི།
68	line-end	18		བདུད་དང་དགྲ་ལ་སོགས་པ་ཕྱིར་རྒོལ་བ་ཐམས་ཅད་ལས་རྣམ་པར་རྒྱལ་བར་སྤྱོད་པའོ། །
69	line-end	8		མ་ལུས་ཕ་རོལ་ཕྱིན་པ་ཐོབ་པའི། །
70	line-end	3		ཞེས་པ་ནི།
71	line-end	14		ས་བཅུ་མ་ལུས་པའི་ངོ་བོ་ཕ་རོལ་ཕྱིན་པ་བཅུ་ཐོབ་པའོ། །
72	line-end	8		རྒྱལ་བའི་སྲས་ཀྱིས་ཤིན་ཏུ་བརྟེན་མ། །
73	line-end	3		ཞེས་པ་ནི།
74	line-end	11		རྒྱལ་བའི་སྲས་ནི་བྱང་ཆུབ་སེམས་དཔའ་ཐམས་ཅད་དོ། །
75	line-end	7		ཤིན་ཏུ་བརྟེན་མ་ཞེས་པ་ནི།
76	line-end	7		དེ་རྣམས་ཀྱིས་ཕུད་དུ་ཁུར་བའོ། །
77	line-end	7		ཕྱག་འཚལ་ཏུཏྟཱ་ར་ཧཱུཾ་ཡི་གེས། །
78	line-end	3		ཞེས་པ་ནི།
79	line-end	6		ཏུཏྟཱ་རེ་ཧཱུཾ་ཞེས་སྔགས་སོ། །
80	line-end	5		ཡི་གེ་ཞེས་པ་
81	line-end	13		སྔགས་ཀྱི་ཡི་གེ་དེ་རྣམས་ཀྱི་མཐུ་དང་འོད་ཟེར་གྱིས་སོ། །
82	line-end	11		འདོད་དང་ཕྱོགས་དང་ནམ་མཁའ་གང་མ། ཞེས་པ་ནི་
83	line-end	12		འདོད་ཁམས་དང་གཟུགས་ཁམས་དང་གཟུགས་མེད་ཀྱི་ཁམས་གང་བའོ། །
84	line-end	8		འཇིག་རྟེན་བདུན་པོ་ཞབས་ཀྱིས་མནན་ཏེ། །
85	line-end	3		ཞེས་པ་
86	line-end	17		འདོད་ཁམས་ཀྱི་འགྲོ་བ་ལྔ་དང་། གཟུགས་ཁམས་དང་དྲུག གཟུགས་མེད་ཁམས་དང་བདུན་མནན་པའོ། །
87	line-end	8		ལུས་པ་མེད་པར་འགུགས་པར་ནུས་མ། །
88	line-end	3		ཞེས་པ་ནི།
89	terminal-particle	14		ལུས་པ་མེད་པ་ནི་སེམས་ཅན་གྱི་དོན་མ་ལུས་པར་བྱེད་པའོ། །
90	line-end	13		འགུགས་པར་ནུས་མ་ནི། རྒྱལ་པོ་ལ་སོགས་དབང་དུ་སྡུད་ནུས་པའོ། །
91	line-end	8		ཕྱག་འཚལ་བརྒྱ་བྱིན་མེ་ལྷ་ཚངས་པ། །
92	line-end	8		རླུང་ལྷ་སྣ་ཚོགས་དབང་ཕྱུག་མཆོད་མ། །
93	line-end	3		ཞེས་པ་ནི།
94	line-end	32		ལྷའི་དབང་པོ་བརྒྱ་བྱིན་དང་། མེ་ལྷ་དང་ཚངས་པ་དང་། རླུང་ལྷ་དང་། དེ་རྣམས་ཀྱི་བདག་པོར་
95	line-end	16		འབྱུང་པོ་རོ་ལངས་དྲི་ཟ་རྣམས་དང་། གནོད་སྦྱིན་ཚོགས་ཀྱིས་མདུན་ནས་བསྟོད་མ། །
96	line-end	4		ཞེས་པ་ནི་
97	verse-stanza	34		འབྱུང་པོ་ནི་ཚོགས་བདག་ལ་སོགས་པའོ། །↵རོ་ལངས་ནི་དབང་ཕྱུག་ཆེན་པོ་ལ་སོགས་པའོ། །↵དྲི་ཟ
98	line-end	5		ཚོགས་ཀྱིས་ཞེས་པ་
99	line-end	13		དེ་ལ་སོགས་པ་ལྷ་སྲིན་སྡེ་བརྒྱད་ཀྱིས་མདུན་ནས་བསྟོད་པའོ། །
100	line-end	8		ཕྱག་འཚལ་ཏྲད་ཅེས་བྱ་དང་ཕཊ་ཀྱིས། །
101	line-end	8		ཕ་རོལ་འཁྲུལ་འཁོར་རབ་ཏུ་འཇོམས་མ། །
102	line-end	3		ཞེས་པ་ནི།
103	line-end	17		དྲག་པོའི་གསུང་གིས་གཞན་གྱིས་བྱས་པའི་སྦྱོར་བ་ངན་པ་བཤིག་ཅིང་ཕྱིར་བཟློག་པའོ། །
104	line-end	8		གཡས་བསྐུམ་གཡོན་བརྐྱང་ཞེས་པ་ནི་
105	line-end	3		བཞུགས་ཚུལ་ལོ། །
106	line-end	4		ཞབས་ཀྱིས་མནན་ཏེ། །
107	line-end	3		ཞེས་པ་ནི།
108	line-end	6		གོང་དུ་བཤད་པའི་དོན་ཏོ། །
109	line-end	8		མེ་འབར་འཁྲུགས་པ་ཤིན་ཏུ་འབར་མ། །
110	line-end	3		ཞེས་པ་ནི།
111	line-end	9		མེ་འབར་བའི་དབུས་ན་བསྒྱིངས་ནས་བཞུགས་པའོ། །
112	line-end	8		ཕྱག་འཚལ་ཏུ་རེ་འཇིགས་པ་ཆེན་མོས། །
113	line-end	3		ཞེས་པ་ནི།
114	line-end	18		ཏུ་རེའི་འཇིགས་པས་བདུད་ཐམས་ཅད་སེལ་བ་སྟེ། བདུད་སྐྲག་པར་བྱེད་པས་འཇིགས་པ་ཆེན་མོའོ། །
115	line-end	8		བདུད་ཀྱི་དཔའ་བོ་རྣམ་པར་འཇོམས་མ། །
116	line-end	3		ཞེས་པ་ནི།
117	verse-stanza	16		དཔའ་བོ་ནི་ཉོན་མོངས་པའི་བདུད་དོ། །↵དེ་བཅོམ་པས་གསུམ་པོ་ཞོར་ལ་འཇོམས་སོ། །
118	line-end	8		ཆུ་སྐྱེས་ཞལ་ནི་ཁྲོ་གཉེར་ལྡན་མཛད། །
119	line-end	3		ཅེས་པ་ནི།
120	terminal-particle	16		ཆུ་སྐྱེས་ཞལ་ནི། པདྨ་ཁ་བྱེ་བ་ལྟར་ཡིད་དུ་འོང་བའི་དཔལ་མོའི་ཞལ་ལོ། །
121	line-end	8		ཁྲོ་གཉེར་ལྡན་མཇད་ནི། ཁྲོ་མོར་བཞུགས་པའོ། །
122	line-end	8		དགྲ་བོ་ཐམས་ཅད་མ་ལུས་གསོད་མ། །
123	line-end	3		ཞེས་པ་ནི།
124	line-end	14		མི་མཐུན་པའི་ཕྱོགས་ཉོན་མོངས་པ་ལ་སོགས་པ་ཐམས་ཅད་གསོད་པའོ། །
125	line-end	8		ཕྱག་འཚལ་དཀོན་མཆོག་གསུམ་མཚོན་ཕྱག་རྒྱའི། །
126	line-end	8		སོར་མོས་ཐུགས་ཀར་རྣམ་པར་བརྒྱན་མ། །
127	line-end	3		ཞེས་པ་ནི།
128	terminal-particle	13		གཡོན་པའི་ཕྱག་མཐེབ་སྲིན་གྱིས་པདྨ་ཐུགས་ཀར་བསྣམས་པས་བརྒྱན་པའོ། །
129	line-end	12		སོར་མོ་གསུམ་བརྐྱངས་པ་ནི་དཀོན་མཆོག་གསུམ་མཚོན་པའི་བརྡའོ། །
130	line-end	8		མ་ལུས་ཕྱོགས་ཀྱི་འཁོར་ལོས་བརྒྱན་པའི། །
131	line-end	4		ཞེས་པ་ནི་
132	line-end	12		གཡས་པས་མཆོག་སྤྱིན་མཛད་པའི་ཕྱག་མཐིལ་འཁོར་ལོས་བརྒྱན་པའོ། །
133	line-end	8		རང་གི་འོད་ཀྱི་ཚོགས་རྣམས་འཁྲུག་མ། །
134	line-end	3		ཞེས་པ་ནི།
135	line-end	15		ཕྱག་གི་འཁོར་ལོ་ལས་འོད་ཟེར་འཕྲོས་པས་འོད་གཞན་ཟིལ་གྱིས་གནོན་པའོ། །
136	line-end	8		ཕྱག་འཚལ་རབ་ཏུ་དགའ་བར་བརྗིད་པའི། །
137	line-end	8		དབུ་རྒྱན་འོད་ཀྱི་ཕྲེང་བས་སྤེལ་མ། །
138	line-end	3		ཞེས་པ་ནི། །
139	terminal-particle	20		རབ་ཏུ་དགའ་བའི་སེམས་ཅན་ཐམས་ཅད་ཀྱི་འདོད་པ་བསྐང་བ། བརྗིད་པ་ནི་གཞན་ཟིལ་གྱིས་གནོན་པའོ
140	line-end	13		དབུ་རྒྱན་རིན་པོ་ཆེ་དུ་མའི་ཕྲེང་བས་མཛེས་པར་བྱས་པའོ། །
141	line-end	7		བཞད་པས་རབ་བཞད་ཏུཏྟཱ་ར་ཡིས། །
142	line-end	3		ཞེས་པ་ནི།
143	line-end	6		སྔགས་ཀྱིས་བཞད་སྒྲ་སྒྲོགས་པའོ། །
144	line-end	8		བདུད་དང་འཇིག་རྟེན་དབང་དུ་མཛད་མ། །
145	line-end	3		ཞེས་པ་ནི།
146	line-end	12		སྔགས་ཀྱི་བཞད་སྒྲ་དེས། བདུད་དང་འཇིག་རྟེན་དབང་དུ་མཛད་པའོ། །
147	line-end	8		ཕྱག་འཚལ་ས་གཞི་སྐྱོང་བའི་ཚོགས་རྣམས། །
148	line-end	3		ཞེས་པ་ནི།
149	line-end	3		ཕྱོགས་སྐྱོང་བཅུའོ། །
150	line-end	8		ཐམས་ཅད་འགུགས་པར་ནུས་པ་ཉིད་མ། །
151	line-end	3		ཞེས་པ་ནི།
152	line-end	10		ཅི་གསུང་ཉན་པའི་སྒོ་ནས་ཕོ་ཉ་བྱེད་པའོ། །
153	line-end	8		ཁྲོ་གཉེར་གཡོ་བའི་ཡི་གེ་ཧཱུཾ་གིས། །
154	line-end	3		ཞེས་པ་ནི།
155	line-end	13		ཁྲོ་མོར་བཞུགས་པའི་ཐུགས་ཀ་ན་ཡི་གེ་ཧཱུཾ་གིས་མཚན་པའོ། །
156	line-end	8		ཕོངས་པ་ཐམས་ཅད་རྣམ་པར་སྒྲོལ་མ། །
157	line-end	3		ཞེས་པ་ནི།
158	line-end	27		མི་མཐུན་པའི་ཕྱོགས་ཀྱིས་གཟིར་ཞིང་། མཐུན་པའི་ཕྱོགས་ཀྱིས་ཕོངས་པའི་སེམས་ཅན་ཐམས་ཅད་སྡ
159	line-end	8		ཕྱག་འཚལ་ཟླ་བའི་དུམ་བུས་དབུ་རྒྱན། །
160	line-end	3		ཞེས་པ་ནི།
161	line-end	7		ཚེས་གཅིག་ཟླ་བས་དབུ་བརྒྱན་པའོ། །
162	line-end	8		བརྒྱན་པ་ཐམས་ཅད་ཤིན་ཏུ་འབར་མ། །
163	line-end	3		ཞེས་པ་ནི།
164	line-end	8		ཟླ་བ་དེ་ལས་འོད་ཟེར་འབར་བའོ། །
165	line-end	8		རལ་པའི་ཁྲོད་ན་འོད་དཔག་མེད་ལས། །
166	line-end	3		ཞེས་པ་ནི།
167	line-end	12		རལ་པའི་གསེབ་ན་སྣང་བ་མཐའ་ཡས་ཀྱིས་དབུ་བརྒྱན་པའོ། །
168	line-end	8		རྟག་པར་ཤིན་ཏུ་འོད་ནི་མཛད་མ། །
169	line-end	3		ཞེས་པ་ནི།
170	line-end	17		སྣང་བ་མཐའ་ཡས་ཀྱིས་སེམས་ཅན་དོན་དུ་འོད་ཟེར་དཔག་ཏུ་མེད་པར་འགྱེད་པའོ། །
171	line-end	8		ཕྱག་འཚལ་བསྐལ་པ་མཐའ་མའི་མེ་ལྟར། །
172	line-end	8		འབར་བའི་ཕྲེང་བའི་དབུས་ན་གནས་མ། །
173	line-end	3		ཞེས་པ་ནི།
174	line-end	29		བསྐལ་པ་མཐའ་མ་ཉི་མ་བདུན་ཤར་བའི་དུས་སུ་ས་རྡོ་རི་བྲག་ཐམས་ཅད་མེ་ལྟར་འབར་ནས་འོང་བས། །
175	line-end	8		གཡས་བརྐྱང་གཡོན་བསྐུམ་ཀུན་ནས་བསྐོར་དགའི། །
176	line-end	3		ཞེས་པ་ནི།
177	line-end	7		བཞུགས་ཚུལ་སྔ་མ་ལས་བཟློག་པའོ། །
178	line-end	8		དགྲ་ཡི་དཔུང་ནི་རྣམ་པར་འཇོམས་མ། །
179	line-end	3		ཞེས་པ་ནི།
180	line-end	7		མི་མཐུན་པ་ཐམས་ཅད་འཇོམས་པའོ། །
181	line-end	15		ཕྱག་འཚལ་ས་གཞིའི་ངོས་ལ་ཕྱག་གི། མཐིལ་གྱིས་བསྣུན་ཅིང་ཞབས་ཀྱིས་བརྡུང་མ། །
182	line-end	3		ཞེས་པ་ནི།
183	line-end	11		ཕྱག་གཡོན་པ་ས་ལ་བརྡབས་ནས་སྡིགས་མཛུབ་མཛད་པའོ། །
184	line-end	8		ཁྲོ་གཉེར་ཅན་མཛད་ཡི་གེ་ཧཱུཾ་གིས། །
185	line-end	3		ཞེས་པ་ནི།
186	line-end	35		ངག་ཏུ་ཧཱུྃ་ཞེས་བརྗོད་པས་ཕྱག་གཡས་རྡོ་རྗེ་འཛིན་པ་དེ་ལས་འོད་ཟེར་འཕྲོས་པས་འགྲོ་བ་རིག
187	line-end	8		རིམས་པ་བདུན་པོ་རྣམས་ནི་འགེམས་མ། །
188	line-end	5		ཞེས་པའམ་ཡང་ན་
189	line-end	19		ས་འོག་རིམ་པ་བདུན་ན་གནས་པའི་ཀླུ་དང་ལྷ་མིན་སོགས་དུམ་བུར་འཐོར་བར་མཛད་པའོ། །
190	line-end	8		ཕྱག་འཚལ་བདེ་མ་དགེ་མ་ཞི་མ། །
191	line-end	3		ཞེས་པ་ནི།
192	line-end	34		བདེ་མ་ནི་ཟག་མེད་ཀྱི་བདེ་བ་དང་ལྡན་མ། དགེ་མ་ནི་བླང་བྱ་ཉོན་མོངས་པ་དང་བྲལ་བས་དགེ་མ། 
193	line-end	8		མྱ་ངན་འདས་ཞི་སྤྱོད་ཡུལ་ཉིད་མ། །
194	line-end	3		ཞེས་པ་ནི།
195	line-end	16		རྟོག་པ་ཟད་པས་མྱ་ངན་འདས། སྡུག་བསྔལ་ཞི་བས་ཞི་བདེའི་ངང་ལ་སྤྱོད་པའོ། །
196	line-end	8		སྭཱ་ཧཱ་ཨོཾ་དང་ཡང་དག་ལྡན་པས། །
197	line-end	8		སྡིག་པ་ཆེན་པོ་འཇོམས་པ་ཉིད་མ། །
198	line-end	3		ཞེས་པ་ནི།
199	line-end	14		བདག་ཆོས་སྐུའི་ངོ་བོས་ནི། གཞན་གྱི་སྤང་བྱ་ཉོན་མོངས་པ་འཇོམས་པའོ། །
200	line-end	8		ཕྱག་འཚལ་ཀུན་ནས་བསྐོར་རབ་དགའ་བའི། །
201	line-end	8		དགྲ་ཡི་ལུས་ནི་རབ་ཏུ་འགེམ་མ། །
202	line-end	8		ཡི་གེ་བཅུ་པའི་ངག་ནི་བཀོད་པའི། །
203	line-end	14		, ཨོཾ་ཏཱ་རེ་ཏུཏྟཱ་རེ་ཏུ་རེ་སྭཱ་ཧཱ། ཞེས་པ་ཞི་བའི་སྔགས་སོ། །
204	line-end	8		རིག་པ་ཧཱུཾ་ལས་སྒྲོལ་མ་ཉིད་མ། །
205	line-end	18		ཨོཾ་ན་མཿ ཏཱ་རེ་ན་མོ་ཧ་རི་ཧཱུཾ་ཧ་ར་སྭཱ་ཧཱ། །ཞེས་པ་ཁྲོ་མོའི་སྔགས་སོ། །
206	line-end	8		ཕྱག་འཚལ་ཏུ་རེའི་ཞབས་ནི་བརྡབས་པས། །
207	line-end	8		ཧཱུཾ་གི་རྣམ་པའི་ས་བོན་ཉིད་མ། །
208	line-end	3		ཞེས་པ་ནི།
209	line-end	6		ལས་ཁྲོ་མོའི་སྐུར་བསྐྱེད་པའོ། །
210	line-end	8		རི་རབ་མན་དྷཱ་ར་དང་འབིགས་བྱེད། །
211	line-end	3		ཞེས་པ་ནི།
212	line-end	27		སྟོང་གསུམ་གྱི་ཕྱི་རོལ་ན་རི་རབ་མན་དཱ་ར་བ་ཞེས་བྱ་བ་ཡང་ཡི་གེ་ཧཱུཾ་གི་འོད་ཟེར་གྱིས་འ
213	line-end	8		འཇིག་རྟེན་གསུམ་པོ་གཡོ་བ་ཉིད་མ། །
214	line-end	3		ཞེས་པ་ནི།
215	line-end	11		འདོད་ཁམས་གཟུགས་ཁམས་གཟུགས་མེད་ཁམས་གཡོ་བར་བྱེད་པའོ། །
216	line-end	8		ཕྱག་འཚལ་ལྷ་ཡི་མཚོ་ཡི་རྣམ་པའི། །
217	line-end	8		རི་དྭགས་རྟགས་ཅན་ཕྱག་ན་བསྣམས་མ། །
218	line-end	3		ཞེས་པ་ནི།
219	line-end	16		ཟླ་བའི་དཀྱིལ་འཁོར་ལྷའི་མཚོ་ལྟ་བུའི་ཟླ་བའི་དཀྱིལ་འཁོར་ཕྱག་ན་བསྣམས་པའོ། །
220	verse-stanza	16		དེ་ཉོན་མོངས་པའི་དུག་སེལ་བའི་རྟགས་སོ། །↵རི་དྭགས་རྟགས་ཅན་ཞེས་པ་ཟླ་བའོ། །
221	line-end	8		ཏཱ་ར་གཉིས་བརྗོད་ཕཊ་ཀྱི་ཡི་གེས། །
222	line-end	8		དུག་རྣམས་མ་ལུས་པར་ནི་སེལ་མ། །
223	line-end	14		ཏཱ་ར་ཞེས་པའི་སྔགས་དེས་བརྟན་པ་དང་གཡོ་བའི་དུག་སེལ་བའོ།།
224	line-end	8		ཕྱག་འཚལ་ལྷ་ཡི་ཚོགས་རྣམས་རྒྱལ་པོ། །
225	line-end	8		ལྟ་དང་མི་འམ་ཅི་ཡིས་བསྟེན་མ། །
226	line-end	5		ཞེས་པ་གཉིས་ནི་
227	line-end	22		ལྷ་ཚོགས་དེ་རྣམས་ཀྱི་དཔོན་ནམ་མི་འམ་ཅི་ཡི་རྒྱལ་པོ་ལྗོན་པ་ལ་སོགས་པས་ཞབས་ལ་མཆོད་པའོ།
228	line-end	8		ཀུན་ནས་གོ་ཆ་དགའ་བའི་བརྗིད་ཀྱིས། །
229	line-end	3		ཞེས་པ་ནི།
230	line-end	11		ལྷའི་སྐུ་དང་སྔགས་ཀྱི་གོ་ཆའི་ཚུལ་དུ་གནས་པའོ། །
231	line-end	8		རྩོད་དང་རྨི་ལམ་ངན་པ་སེལ་མ། །
232	line-end	3		ཞེས་པ་
233	line-end	12		མུ་སྟེགས་ཀྱི་རྩོད་པ་དང་རྨི་ལམ་ངན་པ་སེལ་བའོ། །
234	line-end	8		ཕྱག་འཚལ་ཉི་མ་ཟླ་བ་རྒྱས་པའི། །
235	line-end	8		སྤྱན་གཉིས་པོ་ལ་འོད་རབ་གསལ་མ། །
236	line-end	7		ཧ་ར་གཉིས་བརྗོད་ཏུཏྟཱ་རེ་ཡིས། །
237	line-end	8		ཤིན་ཏུ་དྲག་པོའི་རིམས་ནད་སེལ་མ། །
238	line-end	3		ཞེས་པ་ནི།
239	line-end	34		ཉི་མ་ཟླ་བ་རྒྱས་པ་ནི། སྤྱན་གཡས་པ་ཟླ་བ་གཡོན་པ་ཉི་མས་མཚོན་པ་སྟེ་འོད་རབ་གསལ་མ་ནི་གོང
240	line-end	26		ཧ་ར་གཉིས་བརྗོད་ཅེས་པ་ནི་ཞི་ཁྲོ་གཉིས་ཀྱིས་སྔགས་ཀྱི་གསུང་གིས་ཤིན་ཏུ་དྲག་པོའི་རིམས་
241	line-end	8		ཕྱག་འཚལ་དེ་ཉིད་གསུམ་རྣམས་བཀོད་པས། །
242	line-end	3		ཞེས་པ་ནི།
243	line-end	9		སྐུ་གསུང་ཐུགས་ལ་ཨོཾ་ཨཱཿཧཱུཾ་གསུམ་བཀོད་པའོ། །
244	line-end	8		ཞི་བའི་མཐུ་དང་ཡང་དག་ལྡན་མ། །
245	line-end	3		ཞེས་པ་ནི།
246	line-end	9		ཉོན་མོངས་པ་ཞི་བའི་མཐུ་དང་ལྡན་པའོ། །
247	line-end	8		གདོན་དང་རོ་ལངས་གནོད་སྦྱིན་ཚོགས་རྣམས། །
248	line-end	3		ཞེས་པ་ནི།
249	line-end	8		བར་དུ་གཅོད་པ་ཐམས་ཅད་ཞི་བའོ། །
250	line-end	8		འཇོམས་པ་ཏུ་རེ་རབ་མཆོག་ཉིད་མ། །
251	line-end	3		ཞེས་པ་ནི།
252	line-end	15		ཡི་གེ་བཅུ་པའི་སྔགས་ཀྱི་མཐུས་མི་མཐུན་བའི་ཕྱོགས་ཐམས་ཅད་འཇོམས་པའོ། །
253	line-end	9		རྩ་བའི་སྔགས་ཀྱི་བསྟོད་པ་འདི་དང་། །
254	line-end	3		ཞེས་པ་ནི།
255	line-end	8		ཞི་བ་དང་ཁྲོ་མོའི་བསྟོད་པ་འདི།
256	line-end	8		ཕྱག་འཚལ་བ་ནི་ཉི་ཤུ་རྩ་གཅིག །
257	line-end	7		གིས་བསྟོད་པ་འདི་རང་ངོ་། །
258	line-end	8		ལྷ་མོ་ལ་གུས་ཡང་དག་ལྡན་པའི། །
259	line-end	9		ཞེས་པ་ནི། ལུས་ངག་ཡིད་གསུམ་ལྷ་མོ་ལ། །
260	line-end	8		བློ་ལྡན་གང་གིས་རབ་དང་བརྗོད་པས། །
261	line-end	8		སྲོད་དང་ཐོ་རངས་ལངས་པར་བྱས་ཏེ། །
262	line-end	16		ཞེས་པ་ནི། སྲོད་ཁྲོ་མོའི་སྐུ་དྲན་པ་དང་ཐོ་རང་ཞི་བའི་སྐུ་དྲན་པའོ། །
263	line-end	8		དྲན་པས་མི་འཇིགས་ཐམས་ཅད་རབ་སྟེར། །
264	line-end	13		ཞེས་པ་ནི། ལྷའི་སྐུ་དྲན་པ་ཙམ་གྱིས་མི་འཇིགས་པ་སྦྱིན་པའོ། །
265	line-end	8		སྡིག་པ་ཐམས་ཅད་རབ་དུ་ཞི་བ། །
266	line-end	7		ཞེས་པ་ནི། དྲན་པ་ཙམ་གྱིས་སོ། །
267	line-end	8		ངན་འགྲོ་ཐམས་ཅད་འཇོམས་པ་ཉིད་དོ། །
268	line-end	8		ཞེས་པ་ནི། ངན་འགྲོའི་འབྲས་བུ་ཞི་བའོ། །
269	line-end	8		རྒྱལ་བ་བྱེ་བ་ཕྲག་བདུན་རྣམས་ཀྱིས། །
270	line-end	15		ཞེས་པ་ནི། བར་མ་ཆད་པར་བདག་ལ། མྱུར་དུ་དབང་ནི་བསྐུར་བར་འགྱུར་ལ། །
271	line-end	9		འདི་ལས་ཆེ་བ་ཉིད་ནི་འཐོབ་ཅིང་། །
272	line-end	17		ཞེས་པ་ནི་ཚེ་འདི་དང་། དེར་ཡང་མ་ཟད། སངས་རྒྱས་གོ་འཕང་མཐར་ཐུག་དེར་འགྲོ། །
273	line-end	13		ཐུན་མོང་གི་འབྲས་བུའང་། དེ་ཡི་དུག་ནི་དྲག་པོ་ཆེན་པོ། །
274	line-end	7		གཏན་གནས་པའམ་གཞན་ཡང་འགྲོ་བ། །
275	line-end	20		ཞེས་པ་ནི། ནག་པོ་བརྩེགས་པ་སོགས་དང་།སྡིག་སྦྲུལ་སོགས་བརྟན་གཡོའི་དུག་དྲག་པོ་ཆེན་པོ་ར
276	line-end	9		ཟོས་པ་དང་ནི་འཐུངས་བ་ཉིད་ཀྱང་། །
277	line-end	20		ཞེས་པ་ནི། དུག་ཟོས་པ་དང་ནི་འཐུང་བ་ཉིད་ཀྱང་ནི། དྲན་པས་རབ་ཏུ་སེལ་བ་ཉིད་འཐོབ་སྟེ། །
278	line-end	12		བསྟོད་པ་དང་ལྷ་དང་སྔགས་དྲན་པས་དུག་རྣམས་སེལ་ལོ། །
279	verse-stanza	21		གདོན་དང་རིམས་དང་དུག་གིས་གཟིར་བའི། །↵རྒྱུ ་དང་འབྲས་བུས་བསྡུས་པ་ནི།↵སྡུག་བསྔལ་ཚོགས
280	line-end	13		རང་ལ་གནས་པ་རྣམས་སྒྲོལ་མའི་རིགས་སྔགས་ཀྱི་མཐུས་སྤངས་པའོ། །
281	line-end	9		སེམས་ཅན་གཞན་པ་རྣམས་ལ་ཡང་ངོ་། །
282	line-end	17		ཞེས་པ་ནི། བདག་གི་དེ་བཞིན་དུ་སེམས་ཅན་གཞན་པ་རྣམས་ལའང་ཕན་པར་ནུས་སོ། །
283	line-end	8		གཉིས་གསུམ་བདུན་དུ་མངོན་པར་བརྗོད་ན། །
284	line-end	15		ཞེས་པ་ནི། བདག་དང་མདུན་ན་ལྷ་མོ་བསྟེན་པའི་ཕྱིར་ཅིས་ཀྱང་གདོན་ནོ། །
285	line-end	9		བུ་འདོད་པས་ནི་བུ་ཐོབ་འགྱུར་ཞིང་། །
286	line-end	8		ནོར་འདོད་པ་ནི་ནོར་རྣམས་ཉིད་འཐོབ། །
287	line-end	8		འདོད་པ་ཐམས་ཅད་ཐོབ་པར་འགྱུར་ཏེ། །
288	line-end	9		ཞེས་པ་ནི། མཆོག་དང་ཐུན་མོང་ཐམས་ཅད་འགྲུབ། །
289	line-end	8		བགེགས་རྣམས་མེད་ཅིང་སོ་སོར་འཇོམས་འགྱུར། །
290	terminal-particle	22		ཞེས་པ་ནི། །ཟློས་པ་ལ་བར་ཆད་མེད་པས་བགེགས་རྣམས་མེད། སྤང་བྱ་དེ་དག་གཉེན་པོ་རེས་སོ་སོར
291	terminal-particle	48		བཅོམ་ལྡན་འདས་མ་སྒྲོལ་མ་ལ་ཡང་དག་པར་རྫོགས་པའི་སངས་རྒྱས་རྣམ་པར་སྣང་མཛད་ཆེན་པོས་བསྟོ
292	line-end	22		ཕྱག་འཚལ་ཉི་ཤུ་རྩ་གཅིག་གི་བསྟོད་པའི་རྣམ་པར་བཤད་པ་གསལ་བའི་འོད་ཟེར་ཞེས་བྱ་བ་རྫོགས་ས
SUMMARY	quote-balance	0	OK	open=0 close=0
